YEAR,MONTH,DAY,LAT,LON,CPUE,V0000,V0001,V0002,V0003,V0004,V0005,U0000,U0001,U0002,U0003,U0004,U0005,W0000,W0001,W0002,W0003,W0004,W0005,S0000,S0001,S0002,S0003,S0004,S0005,T0000,T0001,T0002,T0003,T0004,T0005
2006,2,1,37.25,143.32,24.87,28.5004045105,29.5690607071,32.9297198931,37.1270897865,39.1287741184,39.9916397095,25.3668468857,24.7194550991,24.4561949094,26.9483505011,30.1436072588,31.757208252,-0.0001196632,-0.0041764941,-0.0073247153,-0.007201325,-0.003132374,-0.0015832828,34.4990132904,34.4989817619,34.4974994024,34.4838367462,34.4621049881,34.4390995026,13.6220433998,13.6234467506,13.6156634013,13.5246658444,13.3455217481,13.0936065674
2006,2,1,38.28,143.5,28.34,-10.2344356155,-9.5028188229,-7.988961188,-7.0111865282,-6.545201683,-6.4529520035,21.4910237122,21.036231041,21.0703475952,22.1557281494,23.0376962662,23.7342544556,-5.06427287208764E-005,-0.0015363808,-0.0025021895,-0.0027732581,-0.0026748235,-0.0023622422,33.4759428406,33.4758598328,33.4754514058,33.4739919662,33.4734630585,33.4733360291,3.8471634865,3.8468491793,3.8395714919,3.8166211605,3.8112885475,3.8105107784
2006,2,1,37.2,142.48,20.32,1.5721179008,2.0765745878,2.6989821355,2.9996497393,2.7410538852,2.3058197021,-8.2163668823,-8.6233932972,-8.9260110537,-8.9113654375,-8.83204844,-9.0441841125,2.83282879867007E-005,0.0006870186,0.0003233532,0.0001898809,0.0004811815,0.0006728008,34.3070530701,34.3070741653,34.3071203868,34.3044284821,34.2961503029,34.2869010925,11.4062895966,11.4076905251,11.4086502075,11.3873403549,11.3158828974,11.2384490967
2006,2,1,37.13,142.68,29.9,28.7432522316,29.4640408802,30.0058385181,28.1017042327,25.9565661883,24.2629258919,10.7108901505,10.1779359657,10.0612868253,9.5283751513,8.0837712126,6.8516410303,-1.83689244708637E-005,-0.0006696768,-0.0016252039,-0.0026403863,-0.003185627,-0.0035622101,34.4401868744,34.4402501297,34.4413467026,34.4212401009,34.3855981731,34.3551856232,12.7538799629,12.7555415773,12.7312455527,12.5034771156,12.1842605543,11.8985402489
2006,2,1,37.47,142.7,31.22,1.2434092987,1.660619472,2.1930937966,2.4455349073,2.1290952489,1.6213973939,-7.0457094955,-7.3469332695,-7.4977842251,-7.2415875375,-7.0212721646,-7.0602171421,3.93242530249545E-006,0.0005313129,0.0008749899,0.0011194146,0.0013686124,0.0016894841,34.301480484,34.301513195,34.3015081406,34.3013407707,34.2993336678,34.2957233429,11.2929868126,11.2943674326,11.2954396884,11.2945112467,11.2826913238,11.2611498833
2006,2,1,36.9,142.78,35.17,41.4116435242,42.4064285278,43.4584238688,43.7998529434,42.3994621277,40.7095016479,11.4675618744,10.9150989532,10.4284631729,10.8846143007,10.9891697168,10.5511049271,8.53762718510248E-006,0.0006802441,0.0006556626,-0.0007834617,-0.0025353269,-0.0036909217,34.5695567322,34.5695833206,34.5681991577,34.5529794693,34.5152143478,34.4767501831,14.3236047363,14.3252774715,14.2851852099,14.0986649513,13.7349147558,13.2406726837
2006,2,1,37.82,142.8,18.14,4.8026460707,4.9710967809,4.9790121287,4.6356982913,3.801654407,2.8281737089,21.1386958313,20.9421647072,20.7162199656,20.3649138451,19.462106514,18.012613678,1.65948083370235E-005,0.0010207922,0.0019084655,0.0026622249,0.0031913903,0.0035944808,34.0618798828,34.0618385315,34.0616785685,34.061085701,34.0568386078,34.0506500244,9.3322901154,9.3332677126,9.3336615562,9.331466198,9.3072363734,9.2710402489
2006,2,1,37.12,142.8,22.9,37.8025263977,38.5908334732,39.0279860179,37.3217111111,34.7813903809,32.5436042786,18.54111763,17.9641530037,17.8767351151,16.756194973,15.1559305429,13.4739549637,6.12881254214352E-006,0.0001244927,-0.0001118623,-0.001555479,-0.0026358449,-0.0033067624,34.522616272,34.5226640701,34.524420929,34.5000946045,34.457374382,34.4218269348,13.6851364899,13.6868701458,13.6432863235,13.3757582664,12.9840744972,12.5942979813
2006,2,2,37.53,143.35,19.29,22.1780513382,23.3581281662,25.2376483599,25.442682457,24.7056437135,24.0145605087,27.8150444984,27.0126340389,26.7570963224,27.0003089428,25.9964372277,24.397132206,2.75436147190198E-005,0.0018081843,0.0029199632,0.0026965001,0.0027158813,0.0033574935,34.5899856186,34.590049696,34.5907170614,34.5919527054,34.5625304699,34.5082975388,14.190722847,14.192993629,14.1951367696,14.1511345744,13.8839804888,13.3786170959
2006,2,2,37.15,142.52,30.93,12.4214852905,13.2598740578,14.3897608757,13.6413465381,12.5912346482,11.7419803619,1.1739499664,0.5561398029,0.5340351741,0.6016793728,0.1287455171,-0.374846983,4.6401905737212E-006,-3.25342756697647E-005,-0.0010756268,-0.0010873521,-0.0008602124,-0.0009233715,34.358188858,34.3582688332,34.3592628479,34.3504671097,34.3310353279,34.3107322693,11.8222205734,11.8237776756,11.8188348134,11.7143817067,11.540496707,11.3647914886
2006,2,2,36.95,142.65,4.76,46.9467741013,47.9213552475,47.9541694323,44.8547549248,41.1638253927,38.136302948,13.5830610752,13.0271475315,13.6870677869,13.3853497207,12.3124048412,11.1266355515,-2.57035462709521E-005,-0.0005642215,-0.0012221372,-0.0032997263,-0.0049026445,-0.0056706229,34.5527513504,34.5528402328,34.5500117938,34.5181741714,34.4654496908,34.4167709351,13.8136951447,13.8153806925,13.7392698924,13.4125953615,12.938795656,12.4532563686
2006,2,2,37.65,142.67,1.42,0.1858508545,0.4711949436,0.6862655451,0.6595456438,0.2656974631,-0.514027065,5.4227947846,5.1668713656,4.9023355067,4.6556026572,4.3159972741,3.6217335187,1.7761806587011E-005,0.0013709224,0.0025060448,0.0034191321,0.0043056373,0.0049834647,34.1947067642,34.1947359085,34.1947390556,34.1947645664,34.194513607,34.1936243057,10.289991684,10.2913382053,10.2923933506,10.2931516409,10.2916308522,10.2864808083
2006,2,2,36.88,142.68,26.73,51.2557845154,52.244794693,52.1003267415,49.8754920769,46.1522069168,42.8946603394,12.3347194366,11.8063199377,12.0802480984,11.9108404565,11.6211651707,10.7211014175,-4.57715327765635E-006,0.0003683954,-4.79071420457469E-005,-0.0027457988,-0.004964143,-0.005900481,34.6021313477,34.6022014999,34.5982679749,34.5644799614,34.5053076744,34.4550946045,14.3939033127,14.3956363678,14.3111973445,13.9528289795,13.4186332941,12.880920372
2006,2,2,37.07,142.87,27.19,39.5035867996,40.5497798443,41.6775486183,41.2648464155,39.9534363604,37.9442272568,25.1284970665,24.4427088737,24.2733992036,23.4300228095,22.7921937633,21.7645810318,4.59685961604163E-006,0.0009711398,0.0020423199,0.0017184594,-0.000962513,-0.0029944446,34.6193223724,34.6193820667,34.6206472397,34.6007035732,34.5587071848,34.5146274948,14.7969716301,14.7988487577,14.7585794115,14.5280933285,14.1253817606,13.5624473476
2006,2,2,37.38,142.88,31.4,19.5329784851,20.2935404778,21.0654519145,19.8913510227,18.0246446228,16.6487718964,13.5264705887,13.0228372097,12.9681241544,12.9457544518,11.6666538811,10.5594613647,-3.19507692686572E-005,-0.0012656318,-0.0022821261,-0.0019717979,-0.0018412109,-0.0023242201,34.440052002,34.4401147842,34.440288976,34.4301734161,34.3904539108,34.3536322021,12.4686185303,12.4703411388,12.4675304667,12.3408484316,12.0058381891,11.7245780182
2006,2,2,38.28,142.42,10.5,-32.0767857056,-31.6166910362,-30.7908539327,-29.7077639294,-28.8305497265,-28.3795373535,10.9554527512,10.6549101734,10.3846670469,10.4531100512,10.8255729532,11.2920315933,-4.33264440983885E-005,-0.0012136766,-0.0022400129,-0.002821819,-0.0028053206,-0.0025371929,33.2228759155,33.2227681732,33.222701594,33.222721653,33.2228634262,33.2235627747,2.7681566162,2.7684273577,2.7688537455,2.7697383738,2.7714360654,2.7771428299
2006,2,2,36.95,142.53,17.49,36.8248524094,37.9093413115,39.1125823975,35.6919461012,32.7969643235,30.6506374359,5.2065017676,4.5935450733,5.9370944719,6.2681585297,5.3696747229,4.6259034753,-7.39149475438423E-005,-0.0021029649,-0.0034369049,-0.0042823202,-0.0045990951,-0.004908558,34.4290401077,34.4291904926,34.4299348513,34.4072367668,34.3736345768,34.3356491089,12.5144764996,12.5161119342,12.4796553691,12.24979105,11.9553903282,11.6163949013
2006,2,3,37.22,142.87,11.16,33.4249001923,34.1900042248,34.9406515312,33.6442660046,31.4618073654,29.448017807,27.3509961166,26.7006907082,26.2607480176,25.3301196623,23.7561298776,22.1085775185,1.35832672557704E-005,0.0001513805,-0.0003837053,-0.001653485,-0.0029946618,-0.0038472516,34.530596283,34.5306567383,34.5337473043,34.5137544918,34.4696636295,34.4284255219,13.600110527,13.6019207954,13.5867819722,13.3427705383,12.953807044,12.5384591484
2006,2,3,36.85,142.53,11.99,45.1557400131,46.0296319485,46.6438125928,43.6305930376,40.8406979561,38.647203064,1.5654459429,1.049513714,2.3150589005,2.8255575065,2.4888901183,2.0866706237,-6.38858260406935E-005,-0.0019013439,-0.0028335315,-0.0040001028,-0.0048484232,-0.0053427763,34.4225482941,34.4226405144,34.4213032087,34.4018600941,34.3721819401,34.3367399216,12.4049433613,12.4063684821,12.3704772631,12.182139957,11.9224676907,11.6115887165
2006,2,3,36.82,142.6,24.91,53.7944136047,54.6245849609,54.1080223083,51.16407547,47.884104538,45.1446403503,4.334850769,3.8726589203,4.8984853109,5.1157080412,4.9376167059,4.4679105759,-4.8586436208676E-005,-0.0011550609,-0.0016730528,-0.0037755258,-0.0058389761,-0.0069422839,34.4964389038,34.4964887619,34.4928231557,34.4688112259,34.4258778572,34.3797325134,13.1474489975,13.148893404,13.0987586975,12.864810586,12.4843089104,12.0522378922
2006,2,3,37.22,142.65,10.5,18.9102610016,19.5354677916,20.1789444129,19.5014367342,18.3331044674,17.3515752316,10.6637024403,10.0943291202,9.8015913491,9.4181521833,8.5657346759,7.8465537906,-3.65884512906595E-006,-0.0003784186,-0.0014793076,-0.002077918,-0.0021722783,-0.0023622229,34.4028794861,34.4029438972,34.4035534541,34.3946969986,34.3688823223,34.3417133331,12.1952191734,12.1968423367,12.1923603535,12.0793492317,11.8528830647,11.6217588425
2006,2,3,37.18,142.67,5.97,25.101123642,25.7972917366,26.4648495611,25.2902771091,23.6625501156,22.2983891296,14.2588891945,13.658469243,13.4235082277,12.9402310777,11.8257084322,10.8873628807,-1.28776663173499E-005,-0.000662451,-0.0019292547,-0.0028785621,-0.0033237086,-0.0036348915,34.4343293457,34.4344019699,34.4353512573,34.4214477825,34.3893778324,34.3568393707,12.5300947227,12.5317663193,12.5200576941,12.348559165,12.0635070515,11.7800606346
2006,2,3,37.63,142.82,2.92,6.828435833,7.1947760916,7.3515552266,6.5924440408,5.1778748679,3.6744250774,8.6232425232,8.2663884664,8.031630826,7.6219694912,6.488472079,4.8935013628,0.00004869,0.0019412385,0.0032401821,0.0045206317,0.0056241133,0.0060482459,34.2741424103,34.2741405487,34.2740557226,34.2692148876,34.2568265629,34.2447373199,10.8944536743,10.8957496929,10.8954081408,10.8630599451,10.7891128421,10.7187277031
2006,2,3,38.27,142.3,24.63,-31.0975415802,-30.7630136013,-30.1597747803,-29.316218257,-28.5157078505,-27.9717048645,8.2866545868,7.9977251768,7.6782363494,7.5440801919,7.647892791,7.8739795685,-2.36563950404009E-005,-0.0006108751,-0.0012219403,-0.0015871103,-0.001378547,-0.0006787079,33.3048960876,33.3047791481,33.3046866099,33.3045834541,33.3047906876,33.3051204681,3.6275858498,3.6278456032,3.6280855179,3.6281713188,3.6304015994,3.6335672379
2006,2,4,37.15,142.97,9.84,34.0498269272,34.7954242706,35.8921752612,36.2866384029,36.097306776,35.7112924576,28.2846236992,27.7099237442,27.4384974321,27.1939138651,27.0370084405,27.0109148026,-0.000014509,0.0001160159,0.0010518757,0.0021323557,0.0008698708,-0.0018740212,34.5190180206,34.5190396309,34.520796299,34.5107429028,34.4826108694,34.4482381821,13.6263272762,13.6279278159,13.6202110291,13.4956318974,13.2456263661,12.8509541988
2006,2,4,36.7,142.17,7.99,2.3305443001,3.4561232507,5.7027789474,6.5161525205,6.8296088457,6.8857555985,-15.1141364479,-15.8085409403,-15.2889643828,-14.4954619527,-13.9660731435,-13.5808385849,4.43959738318385E-006,0.0003269027,0.0010536002,0.001931144,0.0021482181,0.0022453829,34.2787236023,34.2787537575,34.2820641836,34.2816864491,34.2767190456,34.2666423798,11.0134806061,11.0145457029,11.0166738033,10.9954958558,10.9564095259,10.8867090225
2006,2,4,36.78,142.35,18.51,24.6998907089,25.6294148922,27.4718231837,26.9453329325,26.355473423,25.7439331055,-9.9182984543,-10.5311777353,-9.7712234338,-8.9210378408,-8.6387949824,-8.4119137764,-2.05292062839161E-005,-0.0004500229,-0.0003031426,0.0001523748,0.0002690978,0.0002067945,34.301227951,34.3013546944,34.3034685135,34.2980111122,34.2881261826,34.2760444641,11.2149043274,11.2163140535,11.2101755778,11.1555688024,11.0765156627,10.9899234772
2006,2,4,36.97,142.52,19.92,32.5439180756,33.3667982101,34.6153821182,33.0937103462,31.7451199532,30.5547296906,2.954584754,2.3712081605,3.0078345287,3.3414190489,3.1167037386,2.976498332,-3.78822576021772E-005,-0.0013056027,-0.0022756794,-0.0028969296,-0.0032286479,-0.0034222871,34.3887012329,34.3887673759,34.3897494507,34.3767285061,34.3576624203,34.3315691376,12.0438038445,12.0452083302,12.0266052596,11.8937235904,11.728409884,11.5120523834
2006,2,4,36.8,142.65,9.75,51.721723175,52.4868416786,52.7466615041,51.8372511864,49.9007456303,47.8419303894,3.4010881662,2.8406998664,2.9690422316,3.2158634886,3.7006327957,3.6793476343,-4.89655530228361E-005,-0.0013764102,-0.0023377177,-0.0040607852,-0.0052704917,-0.0063157617,34.4819450378,34.4819498062,34.4795958201,34.4604623318,34.4241423607,34.3847694397,13.0559620857,13.0573532581,13.0182826519,12.8205275536,12.4989025593,12.1142454147
2006,2,4,37.22,142.73,15.46,25.205925457,25.796229229,26.4765160815,25.9484366512,24.7179447603,23.5737997627,17.4847617683,16.9004838228,16.5530943743,16.222421689,15.4880579662,14.7836335182,-3.17273800398949E-006,-0.0004256045,-0.001336603,-0.0022989859,-0.0027969202,-0.0030990045,34.4430457458,34.443093605,34.4441193136,34.4329607677,34.4030253315,34.3684494781,12.5608263016,12.5624196291,12.5555371157,12.4186372948,12.165692544,11.8747243309
2006,2,4,38.28,142.37,10.17,-32.3373619766,-32.0005035591,-31.3611769422,-30.4642779255,-29.6640426683,-29.1773200989,9.5108371658,9.1982222557,8.8589671071,8.7499607301,8.9128165483,9.2155125046,-2.56712059391169E-005,-0.00072639,-0.0014047007,-0.0018579039,-0.00190434,-0.0016867087,33.2412337036,33.2411195755,33.2410484314,33.2410489082,33.2412135315,33.2419102478,2.9750994949,2.9753578913,2.9757769998,2.9765441543,2.9784172231,2.9843532467
2006,2,4,36.8,142.45,13.69,37.9749887466,38.744335413,40.0029360453,38.3797354698,36.8993376493,35.5929269791,-5.2980524063,-5.8421915472,-4.9389097293,-4.2475903481,-4.1442220435,-4.1144105196,-4.35754812894022E-005,-0.0013614278,-0.0018085699,-0.0021415934,-0.0024402756,-0.0027123179,34.3456882477,34.3457312584,34.3455181122,34.334659338,34.3193457127,34.2991657257,11.629490757,11.6307090521,11.6126566728,11.5115273595,11.3789401054,11.2189769745
2006,2,5,36.63,142.78,7.52,52.2587684326,52.7339140892,53.9504632314,55.5466839314,55.9674739361,55.7760575104,-7.7918318882,-8.3585507238,-8.9903883219,-8.4392947614,-7.5329329938,-7.1159442043,0.000050824,0.0016669719,0.0014529853,-0.0014949251,-0.0029658401,-0.0038836147,34.4236891327,34.4236647224,34.4227866618,34.4136984158,34.3970922756,34.3757519531,12.5909261665,12.5920281982,12.5803435961,12.5114040017,12.3421283054,12.062808857
2006,2,5,36.5,142.1,13.35,-0.9349428296,-0.2901522033,1.29145811,2.4564894289,2.9670729041,3.0301065445,-12.47228508,-13.0853607655,-13.3776666323,-12.9341051579,-12.3480916023,-12.0201301575,2.13722629599612E-005,0.0009290334,0.0016531543,0.0016003857,0.0015984609,0.0017837384,34.2828117371,34.28282547,34.2841129303,34.2840533257,34.2796988487,34.2656173706,10.9591848373,10.9601621628,10.9625024796,10.9569824934,10.9244472981,10.836353302
2006,2,5,36.65,142.25,7.65,15.4835160732,16.224173367,17.6564772924,18.3668898046,18.6892479956,18.5742881298,-13.5606919765,-14.1418200731,-14.0380819639,-13.6203853786,-13.1083731055,-12.6693162918,8.80638526723478E-006,0.0002826002,0.0009143839,0.0014142403,0.0016456166,0.0018360967,34.2723304749,34.2725377083,34.274216334,34.2733147144,34.2692416906,34.2620763779,10.9365742683,10.9380434752,10.936291496,10.922282815,10.8943141699,10.845484972
2006,2,5,36.6,142.43,8.33,42.0913388062,42.4595745087,42.9858880361,42.4817289829,41.7058667183,40.629870224,-12.6175811577,-12.9675829172,-12.896806399,-12.3782680035,-12.0290546298,-11.6645104408,-1.18621076994308E-005,-0.0002154926,-3.9951467745897E-005,0.0001846309,-7.17931161703564E-005,-0.000691849,34.2904559326,34.2904697418,34.2901099523,34.2854251862,34.2777777195,34.268995285,11.1104059792,11.1114103556,11.1038417339,11.0622815609,10.9986488342,10.9308835983
2006,2,5,36.87,142.48,6.5,35.9281107635,36.5820789719,37.6711181641,36.8726904631,36.0669800472,35.1320973587,-2.8630725803,-3.3987925768,-2.96150805,-2.531969803,-2.305640099,-2.1123546326,-2.56518513726217E-005,-0.0011029586,-0.0017845618,-0.0023340343,-0.0026799469,-0.0029083695,34.353183197,34.3531994057,34.353396848,34.3450415325,34.3336680126,34.3155708313,11.6694423866,11.6706447887,11.6586245314,11.5777473426,11.4798888826,11.3413018608
2006,2,5,38.28,142.55,9.14,-30.8902209091,-30.5578277588,-29.8799856186,-28.8757194757,-27.9446574211,-27.2800418854,13.4392734528,13.0748020172,12.6069433848,12.307189858,12.2734004855,12.4279049873,-8.23755664730947E-006,-0.0001228242,-0.0002516899,-0.0003698159,-0.0005033732,-0.0006713005,33.225947113,33.2258141518,33.2257045746,33.225627327,33.2255972862,33.2256809235,2.5922138453,2.5922926426,2.5923053145,2.5923465312,2.5925902992,2.5936051846
2006,2,5,36.92,142.8,13.7,44.2428149414,44.9797353745,46.2332070669,47.3848896027,47.25737257,46.4498435974,13.7237879944,13.0894966125,12.4659719467,12.8772640228,13.4370223522,13.6005981445,-1.00054775512861E-005,-0.0005053945,-0.0011393485,-0.0021449639,-0.0032027123,-0.0047106387,34.4513320923,34.4513240814,34.4509766897,34.4443097115,34.4232444763,34.3971694946,12.8528777695,12.8541810036,12.8379072825,12.7570848942,12.5613726139,12.2550323486
2006,2,5,37,142.83,9.07,40.6056647491,41.2635886192,42.3519316355,43.2710765839,43.3333832264,42.4528469086,19.0630318832,18.4593297005,17.99303147,18.0401461601,18.6396482706,18.8197381973,-4.78431323823614E-006,-0.0003153908,-0.0006753015,-0.0013432106,-0.0024818375,-0.0039822157,34.4573130798,34.4573069572,34.4571542104,34.4489639759,34.4269496918,34.3988700867,12.8916583824,12.8929908276,12.8730863412,12.7822828174,12.5876118064,12.2788969994
2006,2,6,36.65,142.8,21.73,55.7445995331,56.1352615356,57.1342290243,58.416611433,58.4811823368,58.1443729401,-8.3278182983,-8.913297534,-9.5635003249,-9.0645157695,-8.2891728282,-8.0330798626,0.000024717,0.0007493845,0.0003520022,-0.0023136452,-0.0030355275,-0.0036288567,34.3622375488,34.3622131348,34.3622093201,34.3580799103,34.348367691,34.3358325958,11.8892849922,11.8903218508,11.890239954,11.858569324,11.7590074539,11.5979728699
2006,2,6,36.38,142.12,11.13,2.4618697872,3.0033459216,4.72427543,5.8906903744,6.1530475235,6.0532771683,-9.0510048485,-9.8698285484,-10.5640790304,-9.9622380495,-9.3899904537,-9.0575235176,2.67964687769898E-005,0.0008895108,0.0011771677,0.0011163962,0.0012398073,0.001471737,34.2934588623,34.2934646988,34.294720993,34.2944080925,34.2891827774,34.2639797974,10.9863338089,10.9872885704,10.9909960175,10.9807473326,10.9431208181,10.79532547
2006,2,6,36.42,142.28,15.56,18.3773182678,18.7767572975,19.8472699038,21.0352354717,21.5790995502,21.7627826691,-11.2323128128,-11.8303860283,-12.4864070574,-12.3492228508,-11.9905767345,-11.7163334656,3.05401720106599E-005,0.0012066332,0.0023697293,0.0025900114,0.0024508543,0.002179016,34.2774640503,34.2774326706,34.2775713603,34.2771694183,34.2746074104,34.2672816467,10.9213572159,10.9221958828,10.9228381602,10.9168041515,10.895737977,10.8466937637
2006,2,6,36.43,142.38,19.28,29.7715340958,30.1365679169,31.0197080803,31.9486933422,32.3436997652,32.3788832855,-13.3709647484,-13.9520983505,-14.5337823931,-14.4098341131,-14.0357497001,-13.6679151917,-6.56851038166869E-006,-7.80291512739724E-005,0.0004425288,0.0013168399,0.0019514115,0.0023527105,34.2627434387,34.2627124023,34.2626406352,34.2618371487,34.2600054264,34.2580532837,10.8420751152,10.8428893042,10.8425562922,10.835408237,10.8204314446,10.803480587
2006,2,6,36.82,142.48,12.18,37.8294642029,38.3109550476,39.2164401499,39.3442913818,39.2393252659,38.6186659241,-5.7314735527,-6.2572603035,-6.2742782243,-5.9867952394,-5.4409094501,-4.9897448349,-1.26575105109186E-005,-0.0009573261,-0.0016854328,-0.0022697722,-0.0025258774,-0.002746986,34.3323383179,34.3322998047,34.3320786285,34.3278628159,34.3219967461,34.3106982422,11.4495038452,11.450540514,11.4438204892,11.404819088,11.3546862984,11.2732062912
2006,2,6,37.17,142.87,17.89,29.7783906136,30.3922513962,31.7860697047,33.0714080906,32.8960671425,32.3107044601,23.1314764442,22.4817477131,22.0639525986,22.8384978271,23.9769687939,24.2966420174,-0.000002804,-0.0005740868,-0.0012299706,-0.0018201529,-0.0025170161,-0.0032505576,34.4335997467,34.4335835361,34.4342578189,34.4280094957,34.408510232,34.3736486435,12.4721700478,12.4734611058,12.4680952024,12.4021733773,12.2574152195,11.9709506989
2006,2,6,36.92,142.97,15.46,44.7124367523,44.9493033218,45.380858256,46.1319286919,47.2918449783,47.861241684,19.6688462677,19.2949017048,18.8780405045,18.5683643818,18.4585697317,18.9384755707,-1.04629693933932E-006,-0.0004466198,-0.0009105386,-0.0020951318,-0.004204326,-0.0058719315,34.3918616028,34.3918390846,34.3912720998,34.3883723736,34.3828107357,34.3717980194,12.1746259422,12.1757588577,12.1715826416,12.147591331,12.0970807362,11.9777902603
2006,2,6,38.35,142.55,5.54,-32.5613916397,-32.2836050987,-31.6643336614,-30.6926940084,-29.7506628633,-29.0332775116,11.1391348839,10.7614068389,10.2433298429,9.8602547646,9.7472025007,9.8772242069,-1.66460000111155E-006,1.1658571825795E-005,-2.6583448895174E-005,-0.0001276583,-0.0003150763,-0.0005547511,33.2444858551,33.2443583012,33.2442504565,33.2441660166,33.2441209555,33.2442722321,2.6830759287,2.6831531823,2.6831388573,2.6830854863,2.6831454486,2.684566319
2006,2,7,36.23,142.53,20.18,31.9874394531,32.0252710056,32.078849357,32.1462024426,32.2253311038,32.32164114,-15.5531782951,-15.645318644,-15.7319263379,-15.8048094392,-15.8651202917,-15.9059458733,-6.28469027022982E-006,-0.0001924261,-0.0003450546,-0.0004031959,-0.0002942874,-1.74057204137669E-007,34.2564365692,34.256413002,34.25635149,34.2562292767,34.2560303402,34.2555904388,10.7363891563,10.7364734626,10.7362118244,10.7354368865,10.7339902604,10.7306594372
2006,2,7,36.88,142.23,25.85,12.4773678398,12.846302743,13.6613995775,14.4834897423,14.9005973744,14.8137970543,-12.6562971497,-13.112725668,-13.4011517302,-13.1209790325,-12.5717172909,-12.0209434319,1.13454705702168E-005,9.31676584020249E-005,0.0006120531,0.0014744269,0.0018825329,0.0020477272,34.313158905,34.3130954552,34.3129319127,34.3124255276,34.3078166103,34.3039621735,11.1788696823,11.1798096275,11.1799718825,11.1779893684,11.1553463817,11.1298184967
2006,2,7,36.92,142.33,12.27,20.4750664215,20.8349221516,21.6081943989,22.3233206034,22.6781765795,22.5844752121,-8.7302894831,-9.179240489,-9.4343769328,-9.1788143432,-8.6668853068,-8.1615109348,1.73964890960962E-005,0.0001540026,0.0005790831,0.001141345,0.00128453,0.0012987009,34.325872879,34.3257982635,34.325565033,34.3234356689,34.3215655804,34.3169597626,11.3088935814,11.3098809671,11.3097283014,11.2992611456,11.2887386656,11.2605080032
2006,2,7,37.08,142.42,8.39,19.7367951355,20.1420485687,20.9847394053,21.5911335373,21.8378120804,21.7246417236,0.082822144,-0.4201786894,-0.661734222,-0.3381722346,0.0668371052,0.5378573799,0.000012816,0.0002610769,0.0006460687,0.0010600562,0.0010951564,0.0010613584,34.368106781,34.3680717468,34.3679744975,34.3659233665,34.3568244553,34.3421652222,11.6668920746,11.6679990578,11.6684158834,11.6596253824,11.6021572113,11.4967784119
2006,2,7,36.93,142.43,20.68,27.9631329575,28.308652401,29.0702109973,29.8937016129,30.3344659281,30.2558774376,-4.774367696,-5.2258579475,-5.526801272,-5.2826183981,-4.6935487939,-4.1418438911,1.77238709381361E-005,-8.57278961381141E-006,0.000015158,-0.000058036,-0.0002999955,-0.000439878,34.3347402039,34.3346517372,34.3344759814,34.333899231,34.3326690149,34.3254608536,11.4070236435,11.4080375004,11.4083776442,11.4063482392,11.3993240058,11.3573795795
2006,2,7,36.23,142.55,20.38,33.4960440063,33.5395106792,33.6026096503,33.6815572143,33.7723525643,33.8796261787,-16.6411722755,-16.7438085437,-16.8362957398,-16.9074261546,-16.9597059011,-16.9847867012,-2.79482764281496E-006,-0.0001137317,-0.0002499228,-0.0003486382,-0.0003295046,-0.0001512772,34.2540897369,34.2540616989,34.2539891879,34.2538400173,34.2535867214,34.2529972076,10.7200188637,10.7200839639,10.7197383722,10.718769151,10.7169332445,10.712501955
2006,2,7,37.13,142.63,21.16,26.6404927902,27.0640762758,28.0373724143,29.0754640222,29.5709736586,29.3590596581,10.6776702461,10.1444795609,9.8081039294,10.2833496296,11.1414471591,11.8952427292,1.256770532481E-005,3.88395722386889E-005,-0.0001180313,-0.0007282501,-0.0012220649,-0.0012221323,34.3967064667,34.3966648579,34.3965841293,34.3955317736,34.3878036594,34.3609092331,11.9471288509,11.9482813048,11.9488090404,11.9441518235,11.8966540992,11.709796133
2006,2,8,36.77,142.22,26.64,15.2604709015,15.5526299763,16.1721166484,16.9335902882,17.3803622293,17.2231799316,-12.6663263626,-13.1159268284,-13.538217961,-13.5396824074,-13.129203999,-12.6543727112,2.28144448853779E-005,0.0002907214,0.0006147507,0.0009528958,0.0012496137,0.0015256161,34.2831100311,34.2830314827,34.2828978729,34.2825123024,34.2808573532,34.2732621765,10.9592404594,10.9600565815,10.9601917966,10.9585396314,10.9495378137,10.9102270126
2006,2,8,36.88,142.35,31.2,25.4296955109,25.7534323692,26.4744551023,27.2271176815,27.5498955727,27.34739151,-8.1672732925,-8.6398654461,-9.005912145,-8.8393082619,-8.3208774567,-7.8935323715,1.9017252121888E-005,0.0001172166,0.0003217745,0.0005532573,0.0006044622,0.0005709931,34.3049328613,34.3048465729,34.3046388626,34.303686142,34.3023602486,34.2957820892,11.1450852776,11.1459796429,11.1458429813,11.1413948655,11.1343592763,11.0984846115
2006,2,8,36.8,142.35,12.76,27.8701160431,28.1608395576,28.8241213163,29.6565101147,30.1288738251,29.9160995483,-10.2630796432,-10.7380692959,-11.1879687309,-11.1352609396,-10.6155014038,-10.0889539719,2.37249184713395E-005,0.0001634663,0.000341237,0.0005373955,0.0006567336,0.0006464839,34.2947952271,34.294708252,34.2945515315,34.2941493988,34.2932801247,34.2869777679,11.0747889519,11.0756366253,11.0757935047,11.0742023587,11.0694649816,11.0382928848
2006,2,8,36.95,142.37,15.82,24.507953167,24.8546868563,25.6188411077,26.315184629,26.5634483814,26.3849789619,-5.4482702589,-5.9292768836,-6.2473542809,-6.024486427,-5.5438811034,-5.1588584423,1.4641830669213E-005,8.81688225230692E-005,0.0002912864,0.0004873709,0.0004171928,0.0003379635,34.3174274445,34.3173567772,34.3171729406,34.3153019905,34.3123986006,34.3030822754,11.2423077869,11.243250823,11.2432169437,11.233844769,11.216196847,11.1615812778
2006,2,9,36.8,142.2,18.46,14.0884405136,14.3771498203,14.9736719131,15.6543426514,15.9532585144,15.6924276352,-11.2770378113,-11.7366580963,-12.1695342064,-12.1891137362,-11.8342126608,-11.50349617,1.56798692346043E-005,0.0002005733,0.0004067597,0.0006251922,0.0008245989,0.0009770242,34.2689430237,34.268863678,34.2687079112,34.2680625916,34.2656989098,34.2578849792,10.8376176834,10.8383533955,10.8381557465,10.8346283436,10.8211814165,10.7793226242
2006,2,9,36.75,142.3,18.19,24.2916292191,24.5763220787,25.2496913274,26.0638816357,26.4780564308,26.273639679,-10.5584803581,-11.0689194202,-11.6029254595,-11.6283118725,-11.2274671793,-10.8481636047,2.93108294665051E-005,0.0004524187,0.0007447514,0.000844294,0.0009195419,0.0010210651,34.2823913574,34.2823033333,34.2821706136,34.2816023827,34.2797598839,34.2702713013,10.9683358192,10.9691030979,10.9691630205,10.9664722681,10.9561368823,10.9073534012
2006,2,9,36.8,142.32,14.15,26.0028727722,26.292871666,26.9748718262,27.7600981712,28.1038874626,27.8403495789,-9.691931839,-10.1988168716,-10.7008329391,-10.665531373,-10.2127750874,-9.8225328445,2.48636423335011E-005,0.0002933307,0.0005008564,0.0006327464,0.0007212612,0.0007290263,34.2847541809,34.2846656799,34.284524409,34.2839243889,34.2822376251,34.2735183716,10.9803669739,10.981147337,10.9811477979,10.9781774998,10.9682581902,10.9241239548
2006,2,9,37.02,142.37,15.51,23.5376237564,23.8822278643,24.6349407768,25.2398084497,25.3398340082,25.0427266312,-2.3769458108,-2.8959001842,-3.2573632844,-3.0678769944,-2.6749831636,-2.4236578989,1.07167648490181E-005,0.0001244508,0.0002571279,0.0003209937,0.0001839738,0.0001163014,34.3049141846,34.3048629379,34.3047315725,34.30246418,34.2969400406,34.2814981842,11.127668541,11.1285646343,11.1284556993,11.1166262078,11.0820249701,10.9914503288
2006,2,10,36.85,142.15,11.69,9.3288647771,9.6173664778,10.2057338953,10.7882872671,10.9220399857,10.557956934,-10.2167682171,-10.6800227761,-11.0863099496,-11.0724958777,-10.7940176129,-10.6252095699,7.29949322869228E-006,8.95098351715702E-005,0.000179761,0.0001868666,0.0001084843,0.0001906639,34.2369377136,34.2368505001,34.2366530101,34.235783577,34.2303811312,34.2159032822,10.5777388096,10.5783688426,10.5777952671,10.5724783838,10.5426990688,10.4631650448
2006,2,10,37.07,142.37,11.02,23.1133369598,23.4257171464,24.0863010216,24.624958961,24.6676259685,24.2520075989,-0.3364539419,-0.8705181314,-1.3028746251,-1.2099124452,-0.8992744169,-0.7275287843,9.40211854661124E-006,0.0001451155,0.0001281629,-3.50281732221169E-005,-0.000198855,-0.0002196337,34.2808211288,34.2807635117,34.280654068,34.2791027737,34.2720977306,34.2523901367,10.9231979103,10.9240164781,10.9238122288,10.9155717039,10.8721638405,10.7569704247
2006,2,10,36.75,142.38,5.84,33.4153556442,33.6889626026,34.3670304934,35.1851952791,35.5780526161,35.3366827011,-9.2545570946,-9.8042179823,-10.4016110102,-10.4576433897,-10.0791000605,-9.7113265991,1.80383771128791E-005,0.0001237996,0.0003350506,0.0005403749,0.0004079332,0.000066626,34.2852371979,34.28513937,34.2849273046,34.2839454174,34.2813381672,34.2712547302,10.9900375938,10.9907352924,10.9903687636,10.9856181741,10.9715603113,10.9183562279
2006,2,10,36.65,142.43,4.81,37.9040263748,38.1029597282,38.5466070175,39.1726778746,39.6813843966,39.7850614548,-11.9796235847,-12.4306018829,-12.9483124812,-13.1923216581,-13.1004176021,-12.7598817825,1.3594683134049E-005,6.62276870570855E-005,0.0004113848,0.0008171873,0.000773415,0.0004121512,34.2882292175,34.2881352901,34.2879468918,34.2871546268,34.2844926119,34.2780752182,11.0384007835,11.039074266,11.0389866114,11.0354246974,11.021630013,10.9862719059
2006,2,10,38.28,143.72,12.85,0.9895778861,1.1738280863,1.6011486038,2.2868304098,2.9361454219,3.2748819447,21.6092081451,21.1374045181,20.5557900365,20.139605484,20.0386736298,20.1812467194,9.86480069431339E-006,-0.0001156687,-7.76700543550619E-005,0.0002406438,0.0008239892,0.0014873564,33.5295430603,33.5293778992,33.5291370138,33.5286796951,33.5279410362,33.5264500427,4.4570772133,4.45695858,4.4562433577,4.4537980175,4.449117943,4.4386150074
2006,2,10,36.93,142.28,3.12,20.2841064339,20.5973796892,21.2949211693,21.9037726378,21.948200438,21.5372949219,-6.5513769608,-7.0771788502,-7.5200959396,-7.4070526433,-7.0266702533,-6.88646451,1.10542395850642E-005,0.0001280871,0.0001628652,0.0001721524,0.0001547033,0.0001460228,34.2656013031,34.2655414581,34.2654242833,34.2636357784,34.2599146461,34.2448343658,10.7922106743,10.7929495764,10.7925058397,10.7822332811,10.7592583537,10.675446701
2006,2,10,37.17,142.42,11.76,21.7151088409,22.00538517,22.5733030446,23.0638873148,23.0987704515,22.6501435852,3.9093740864,3.3732168853,2.8899647204,2.8710533994,3.0707008958,3.2127000523,1.36382891584876E-005,0.0003434358,0.0004580248,0.0003943731,0.0003443248,0.0003074983,34.2880651245,34.288008461,34.2879159292,34.2868532181,34.2768502045,34.2574277496,10.9895009193,10.990364213,10.9902689393,10.9846749401,10.9267031002,10.8017784309
2006,2,11,36.48,142.83,11.51,63.8916412201,64.1795854187,64.8439468638,65.9162623978,65.3487914467,64.2595094299,-32.3721194763,-32.9043940163,-33.4007822927,-32.8209093666,-31.3066860676,-30.9467420197,-0.00000058,-0.000186298,0.0002434591,0.0001726644,-0.000590664,-0.0010479342,34.2450044098,34.2449038887,34.2447743225,34.2433358955,34.2367008781,34.2306956482,10.9887509422,10.9892763948,10.9891163985,10.97997123,10.9335015774,10.8800328445
2006,2,11,36.68,142,4.39,0.3302416074,0.5417082667,0.8816900293,1.109947437,1.0533442676,0.5835319757,-9.8628682327,-10.2426980972,-10.579729112,-10.714950633,-10.7254845142,-10.7406511307,1.94578026738869E-005,0.0003118201,0.000305428,6.53297227472837E-005,-0.0002305993,-0.000106206,34.1903387451,34.1901861191,34.1898554484,34.1887595177,34.1851472855,34.1647583008,10.2653492355,10.2657016277,10.2646805127,10.2587851763,10.238958931,10.1374509811
2006,2,11,37.08,142.27,6.48,15.2521160126,15.5045689631,15.9774606832,16.4115548658,16.4753874969,16.0829997635,-3.5369376841,-4.0173809242,-4.4538289722,-4.5106377101,-4.3073808336,-4.1283149338,8.46762482648369E-006,0.0002369372,0.0001788123,-0.0001086016,-0.0001564911,0.000050009,34.220743042,34.2206639862,34.220513649,34.2194800568,34.2132620335,34.1949146271,10.4276196671,10.4282309484,10.4274181716,10.4205338192,10.3821528101,10.2770640755
2006,2,11,36.77,142.5,4.94,47.5026491547,47.8169246674,48.545431455,49.3895549774,49.7521328926,49.4514862061,-8.2683958054,-8.8473536968,-9.4392318726,-9.4703634083,-8.9995839357,-8.5649580002,-1.28129057967184E-005,-0.0009597391,-0.0011863458,-0.0004942493,0.0002903289,0.0004299755,34.2761962891,34.276078701,34.2757870356,34.274954319,34.2729495525,34.2657844543,10.9873411179,10.9879595041,10.9873956839,10.9833890796,10.9719456315,10.9316987038
2006,2,11,36.88,142.73,6.06,62.4076693726,62.7306497574,63.4190020498,64.3010743713,64.2651446342,63.2381498718,2.8097449751,2.2696934831,1.7793326823,1.9538764942,2.8444905865,3.0416184235,9.4517191014775E-007,-0.0006200396,-0.0009890214,-0.0011697886,-0.0014312527,-0.0019670178,34.2780022278,34.2779059029,34.277746404,34.2770236301,34.2668779755,34.2450235748,11.2297518539,11.2304878616,11.2305466112,11.226938436,11.170305779,11.0209703636
2006,2,11,37.15,142.28,4.93,13.1114851189,13.3562742829,13.795900321,14.214498049,14.2772503018,13.86060009,-2.4389981842,-2.9024266601,-3.3302399,-3.4201491058,-3.2311332881,-3.0288362503,1.40167642464141E-005,0.0005195222,0.0007373637,0.000681494,0.0007358684,0.0009501962,34.2152518463,34.2151849747,34.2150481542,34.2142739296,34.2077420235,34.1911781311,10.3857486343,10.386379528,10.3856114546,10.3801804185,10.3409683347,10.245574379
2006,2,11,38.28,143.63,2.37,2.5398449049,2.7250071716,3.2230977138,4.0248405039,4.7725541329,5.1610573196,19.7479427872,19.2142340851,18.547370046,18.1130274391,18.0581860495,18.2798839951,1.2231464120718E-005,-4.23074376677961E-005,0.000121711,0.0005161491,0.0010687707,0.0016424876,33.5721035767,33.5719145393,33.5713845317,33.5699995422,33.5683239937,33.5649649811,4.8618342342,4.8615390515,4.8586019039,4.8494028449,4.8375979197,4.8132143593
2006,2,11,36.85,142.75,2.12,63.2958292007,63.6021492481,64.2449267705,65.1115518808,65.1242907047,64.1419477463,0.4219942689,-0.102007702,-0.588805,-0.4668720141,0.4057764485,0.674372077,-2.35275667199038E-006,-0.0007694711,-0.0012197273,-0.0012657684,-0.0009954372,-0.0011135905,34.2794090271,34.2793126106,34.2791519165,34.2783561945,34.2666618824,34.2476825714,11.2570569515,11.2577790618,11.2578522762,11.2535660565,11.1873339415,11.0563082695
2006,2,12,35.95,142.33,10.75,7.7715217829,7.9891656876,8.5213805914,8.9990502477,9.0597046673,9.3330221891,11.8679225588,11.5507625163,11.3690167467,11.739009127,12.3220130622,12.8306157351,-2.42372732000946E-005,-0.0005647918,-2.18126612402625E-005,0.0023616168,0.0042873419,0.0042356312,34.3471437454,34.3470328808,34.3465576172,34.3384555578,34.3108774185,34.2231742859,11.0296577454,11.0298162818,11.0271935463,10.9769904315,10.8149165332,10.3201528072
2006,2,12,36.53,141.8,2.17,-10.6211564255,-10.4995678186,-10.3482417901,-10.255607748,-10.3639272928,-10.8206440926,-8.1409535694,-8.3912452221,-8.6170183659,-8.7318241239,-8.7780888915,-8.971020031,7.16554698308092E-006,-1.67525035197155E-005,-0.0002017958,-0.0004743029,-0.0005978568,-0.0004953897,34.0926155853,34.0924325943,34.0920801163,34.0915529728,34.090230751,34.0787002563,9.6076353073,9.6077773809,9.6068868001,9.6046574473,9.5980345726,9.5383037567
2006,2,12,36.43,142.02,5.65,3.8198980827,4.1685537815,4.965266943,5.3577566147,4.8787411976,4.2072260094,-5.8412943001,-6.5127202082,-7.0570074399,-6.819035244,-6.5577011383,-6.6759068298,2.91398271061041E-005,0.000608823,0.0006993898,0.0004400582,0.0002235505,3.64384266139503E-005,34.2968930817,34.2967794418,34.2965811412,34.2950379848,34.2798303032,34.1704442596,10.9698070107,10.970349741,10.9699960009,10.9622460103,10.8867722034,10.3206035805
2006,2,12,37.13,142.23,5.37,11.0086812029,11.2178725839,11.5780138604,11.9951184344,12.1715895343,11.8816699076,-4.3024994984,-4.7104904741,-5.0851816785,-5.1920418543,-4.9727092475,-4.6667695594,-2.74547161286503E-006,-0.0001293439,-0.0004695137,-0.0009011227,-0.0009818193,-0.0006959437,34.1566646576,34.1565683079,34.1563287226,34.1555980492,34.1531399298,34.138794632,9.9344332008,9.9348588729,9.9334660276,9.9282446051,9.9120702267,9.8334412289
2006,2,12,36.8,142.58,4.55,58.8022088623,59.1810651779,60.0150650024,60.8386910439,60.8898909569,60.0578826904,-6.7889213943,-7.434697938,-8.0208937327,-7.8818510771,-7.1742788196,-6.7417948723,-0.000017286,-0.0012169745,-0.0015355126,-0.000489777,0.0010704002,0.0016878006,34.2520982361,34.251990509,34.2516999563,34.250909996,34.248090744,34.2363327026,10.9200969696,10.9206487656,10.9202218374,10.9166506052,10.9025562763,10.8328779221
2006,2,12,36.42,141.93,11.78,-1.7991352863,-1.4994040966,-0.9251196512,-0.6738784271,-1.2148689252,-1.9598750973,-5.5366748295,-6.0597025418,-6.4515230322,-6.2576270425,-5.9859675562,-6.1034394169,2.58066146158277E-005,0.0004626958,0.0004225804,9.80363830694932E-005,1.60362900180371E-006,2.04837031924377E-005,34.2548095093,34.2546786308,34.2544778061,34.2534899426,34.2433481789,34.1484806824,10.6427008057,10.6431713533,10.642874953,10.6378650713,10.5866544223,10.1106596756
2006,2,12,38.33,143.38,3.11,-0.0372736387,0.2051599059,1.0791236752,2.2521039521,3.1680501552,3.5031212091,10.7127567005,10.0113189459,9.2546575149,9.0453980327,9.4198345506,9.9809207726,1.09718471635872E-005,0.0001702907,0.0004596484,0.0008492987,0.0011118834,0.0012106493,33.7358380737,33.7356443596,33.7339924749,33.7297015762,33.7243019962,33.7088570404,6.0676693878,6.0668348622,6.0535577695,6.0224525154,5.983707993,5.8766256332
2006,2,12,36.1,141.68,6.06,-16.0638463593,-15.877436924,-15.5138509115,-15.0219832897,-15.0527481079,-15.6274841309,7.453314743,7.132632041,6.8945523739,7.0349608302,7.8301972628,8.1841169357,0.00001451,0.0001815036,0.0002634177,0.0002086498,-0.0001466169,-0.0006658985,34.1986032104,34.1984397888,34.1981843313,34.1975431442,34.1697544098,34.0528755188,9.9962111664,9.9963728428,9.9957052867,9.9927465916,9.8471949577,9.2432655334
2006,2,13,36.15,141.88,9.13,-8.0081647491,-7.5846992731,-6.852987051,-6.5673808455,-6.8847280741,-7.4231031418,2.8567993724,2.5273888707,2.7048952247,3.4596929025,4.2809112802,4.6234230757,1.44952898195227E-006,-0.0003232303,-0.0005545521,-0.0004325895,-0.0003250574,-0.0004312731,34.2549427032,34.2548091888,34.2526107788,34.2368892193,34.2078659058,34.0995967865,10.4837018204,10.483825779,10.4715133667,10.3752564549,10.2040400386,9.6375658035
2006,2,13,36.57,141.57,0.85,-16.3153689137,-16.0847633076,-16.1808645821,-16.6161355174,-17.2151772332,-17.9405474663,-9.7884396,-9.8954752898,-9.728237737,-9.7443531978,-9.830070833,-10.1446542454,1.04975417376737E-005,0.0001691388,0.0003366888,0.0004229299,0.0002367129,4.94488700019182E-005,34.0168805084,34.0166566658,34.0085060692,33.9914071655,33.9691937542,33.9235608292,8.9710167694,8.9705799603,8.9240133524,8.8091965139,8.6713936234,8.4010182381
2006,2,13,36.32,141.83,3.56,-8.4433815136,-7.964643091,-7.5526065612,-7.431734612,-7.8521454436,-8.4990193081,-4.1447192192,-4.3899364471,-4.1454740254,-3.8246261048,-3.4370125699,-3.4327639961,6.50907483015439E-006,-0.0001079134,-0.0002338269,-0.0004637463,-0.0003943764,-0.000303589,34.2381125488,34.237986908,34.2309895452,34.2205764389,34.1962865257,34.0972595215,10.4628961029,10.4630864334,10.4217637666,10.3535514164,10.2124390364,9.6936394691
2006,2,13,36.77,141.87,4.49,-7.8002740889,-7.4973218036,-7.2531265179,-7.2541121423,-7.327864868,-7.5570852375,-11.7707145138,-11.9484132457,-11.8476047134,-11.8920671737,-11.9922130597,-12.0937734222,1.3714136737029E-005,0.0004125852,0.0007606132,0.0008505365,0.0009189278,0.0009514603,34.1056004028,34.1054585361,34.1032653554,34.0967150593,34.0853355265,34.0630477905,9.696105938,9.6962845016,9.6767215061,9.6288419771,9.5564518917,9.4212509823
2006,2,13,37.07,142.2,1.62,13.2437648582,13.5889161587,13.7839990616,14.0861857295,14.2013211727,13.8809743881,-5.2908755207,-5.5035181522,-5.6623223464,-5.7707653582,-5.6315511823,-5.3790122032,-7.37581312106067E-006,-0.0003291968,-0.000653723,-0.001182436,-0.0014027238,-0.0012170532,34.1871784973,34.1875752449,34.1884314219,34.1862294674,34.1825327873,34.1623306274,10.2142243385,10.2137610197,10.2010107676,10.1840522528,10.1561362147,10.038781929
2006,2,13,36.42,141.85,6.5,-6.7616868353,-6.3106757879,-5.9591169357,-5.8621225357,-6.2080979824,-6.8097188473,-6.8690196419,-7.0721895933,-6.9517433802,-6.773795104,-6.5378988385,-6.5491809845,1.41237915985648E-005,0.0001527793,7.60595148069331E-005,-0.0002301597,-0.0002301507,-5.74171466724454E-005,34.2259094238,34.225742054,34.2214581807,34.2136475086,34.1923679352,34.1140617371,10.4277961159,10.4275303841,10.3986030102,10.3485976338,10.2267224789,9.8103404999
2006,2,13,38.32,143.15,0.67,-5.2341202259,-4.8360642791,-3.895897917,-2.8282185912,-2.3742866337,-2.5475323915,6.9108816338,6.3182361543,5.8015309493,6.0524529412,6.8498675376,7.384839797,0.000008502,7.31496107100079E-005,7.35436294539573E-005,0.0002130538,0.0003404182,0.0003151676,33.7916945648,33.7914035797,33.7879519145,33.7807040691,33.7684118271,33.748267746,6.4922725868,6.4907248855,6.4670953592,6.4145112872,6.3268984854,6.1801002026
2006,2,13,35.93,141.72,1.18,-12.1451096916,-11.9409065866,-11.5287630367,-11.0955413628,-10.8819839311,-11.6444581795,14.4494416885,14.2566874933,14.2190542221,14.8107901335,16.2847932458,17.6499265099,-7.40685858921667E-005,-0.0031659798,-0.0058781535,-0.0074115523,-0.0077839527,-0.0079597554,34.164408432,34.1642184067,34.1637689718,34.1564548779,34.1241491413,34.0453822327,9.4707155952,9.470507884,9.468215812,9.4159101057,9.2152522635,8.7742532921
2006,2,13,38.28,142.98,0,-8.7043972321,-8.380710516,-7.6717145475,-6.9763468456,-6.8722185421,-7.2576494598,8.6616996384,8.1064217472,7.7301043955,8.0503597784,8.7840858889,9.2552313232,-6.30588389784908E-006,-0.0004682393,-0.0008384552,-0.0009303126,-0.0007615283,-0.0007367375,33.6244353638,33.624305954,33.6233974457,33.6215589523,33.6171819878,33.607552948,5.2545684547,5.2543327045,5.2475001462,5.2320423412,5.19844347,5.1294104576
2006,2,14,36.57,141.8,0.66,-9.5033377266,-9.080885458,-8.556982247,-8.7333914518,-8.9393236756,-9.2715074539,-10.9940348816,-11.1088443518,-10.7673911572,-10.4409968376,-10.4007159829,-10.4849498749,1.99585394346451E-005,0.000412269,0.0003802633,0.0004081605,0.0004831845,0.0006428949,34.1748809052,34.1747380257,34.1695860545,34.1535036087,34.1266486645,34.0766311646,10.1550303841,10.1551246881,10.1206144651,10.0103685617,9.8433782339,9.5400798798
2006,2,14,36.43,142.02,0.39,2.1977713842,2.8500244761,3.2910002947,3.7440193594,3.6459676862,3.3514088917,-9.6116182098,-9.425334549,-9.4059389496,-9.0855005169,-8.7097559786,-8.6375173569,1.54181132992638E-005,0.0005943913,0.0007878574,0.000709042,0.0006711703,0.0006924816,34.3286403961,34.3288344765,34.3274458186,34.3190473652,34.282735157,34.1488413239,11.0857967758,11.0833457041,11.0608016364,11.0091058922,10.8100714636,10.0775403404
2006,2,14,36.5,141.67,2.43,-14.359121685,-13.8308168888,-13.7179293633,-14.1339943409,-14.5633380771,-15.11571064,-10.0181705856,-10.0074849844,-9.2864954154,-9.1706801534,-9.1426935196,-9.1605494499,1.30715008047197E-005,0.0002923044,0.0005648339,0.0006748465,0.0006507438,0.0006008793,34.1207052612,34.1205373764,34.1059409459,34.0818562984,34.0506437302,34.0036521912,9.754113121,9.754102397,9.6746549447,9.5076858044,9.3034054041,9.0112080574
2006,2,14,36.27,141.83,0.72,-8.8996713209,-8.2607929707,-7.8365634743,-7.8789659405,-8.3088091183,-8.8565804577,-3.57106681,-3.6584789617,-2.925125998,-2.4158971791,-1.9237094948,-1.7656054312,1.82375985704429E-006,-0.0001398841,-8.15943004636027E-005,-0.0001740688,-0.000071643,-1.11610831572738E-005,34.2586486588,34.2585323143,34.2465535863,34.2215958977,34.1808315468,34.06932724,10.5587493305,10.5588381004,10.4888272794,10.3277267647,10.0804244697,9.4700670815
2006,2,14,37,143.83,3.12,-24.4834759521,-24.2439660072,-23.9518891335,-23.6141226053,-23.0905227184,-22.5220874786,26.1897044373,26.036032486,25.9470639547,25.7074911118,25.5137920141,25.588640976,-6.48128400577915E-006,-0.0009152686,-0.0017251988,-0.0024133541,-0.0027967518,-0.002969712,34.4224099731,34.422383976,34.4223266602,34.4221986294,34.420965147,34.4133487701,12.1557292175,12.1564913988,12.1569650809,12.1564103603,12.1510493279,12.1137544632
2006,2,15,36.63,141.78,0.65,-9.2103000221,-8.6981117964,-7.9518990421,-8.4406244659,-8.84249825,-9.2601938629,-12.5953491974,-12.6572360945,-12.0698048433,-11.5445717096,-11.5242177653,-11.5797820854,3.44797297359699E-005,0.0008879559,0.0010516547,0.0013258462,0.0015638706,0.0017739929,34.2001465607,34.2000398064,34.1933402888,34.1665622902,34.1275047112,34.0659873962,10.3372241592,10.337364397,10.2942258962,10.1089040089,9.8558826566,9.4730602074
2006,2,15,36.48,142.15,2.4,10.704904089,11.3791338801,11.7075133244,12.1862230718,12.3187709928,12.1727651596,-14.7636959076,-14.2263364553,-13.8142635822,-13.4398108125,-12.9671882033,-12.6968651772,1.18925599301956E-005,0.0005019385,0.00075582,0.0009383467,0.0010827588,0.0012554372,34.3259962463,34.3267083168,34.3268543243,34.3192029953,34.2929271698,34.2003852844,11.0232743454,11.0224676132,11.0129257679,10.964555347,10.8100311041,10.2843049049
2006,2,15,36.5,141.57,1,-14.3746421814,-13.7908285856,-14.2683396816,-15.3355799794,-16.3497617364,-17.3191244125,-10.4805467415,-10.2395126104,-9.1675382455,-8.9604622722,-8.9498646975,-9.0218225479,0.000004399,-2.4460119727486E-005,0.0003657029,0.0006267998,0.0005861798,0.0005076693,34.0718012238,34.0713971138,34.0415007273,33.9937114716,33.9487771034,33.8930904388,9.3585621071,9.3566100359,9.1888988972,8.8609023452,8.5539315879,8.1881892681
2006,2,15,36.67,142.33,4.79,34.0472681541,34.6693424559,34.8127456029,34.8981881976,34.5702881241,34.1001136017,-18.9576211128,-18.4989546967,-17.9259299628,-17.3962371004,-16.9140546036,-16.6674567318,7.10519628807003E-006,5.35409418911856E-005,-0.0001374332,0.0001685003,0.0005974093,0.0009422085,34.2883463516,34.2887559605,34.289786396,34.2873925543,34.2816735554,34.2644003677,10.946217268,10.9469104958,10.9439415185,10.9242045748,10.8781179786,10.7597544289
2006,2,16,36.4,142.17,0.87,8.2887094784,9.1243312001,9.5084521373,9.9939345121,10.2696127832,10.2999291897,-16.1673900604,-15.250538063,-14.4991957188,-13.9551114678,-13.4274595737,-13.0628863335,3.1494985292241E-006,0.000470772,0.0008037139,0.0012560216,0.0016434601,0.0019954121,34.3353915405,34.3365644455,34.3367250443,34.3257720947,34.2857069016,34.1599876404,10.9359750938,10.9351582527,10.9224672318,10.8531721234,10.6224078894,9.9207994461
2006,2,16,36.52,143.17,11.39,33.1831745911,33.5311350822,33.8753403727,34.2166514301,34.4901055336,34.6027844238,-39.7572276764,-39.7068066978,-39.4758043289,-39.2717569351,-38.9895325089,-38.8547320557,2.92398081695533E-005,0.0006584921,0.0012424455,0.0016687337,0.0018344349,0.0018949692,34.3396142883,34.3395165253,34.3386983744,34.3354043198,34.3314625359,34.328216629,11.6375454636,11.6377271175,11.6341723506,11.6130316043,11.5838471341,11.5557759476
2006,2,16,36.83,144.5,5.62,-36.6489238739,-36.4848218918,-36.2845745722,-36.0772778034,-35.8958533764,-35.7567584991,4.2018756509,4.1800802171,4.1855995675,4.2304866955,4.2996439144,4.3669700146,1.13592117321044E-005,7.31330448096993E-006,5.62862008034058E-005,0.0001673537,0.000344818,0.0005811641,34.3492051697,34.3491524696,34.3490519206,34.3489187241,34.3487751961,34.3486232758,11.8490397835,11.849678421,11.85016071,11.8505079865,11.8507239819,11.85078125
2006,2,16,36.8,143.2,7.37,40.1320327759,40.3901643753,40.7304948171,40.9346399307,40.932779789,40.6506156921,-17.7984882355,-17.8234443665,-17.6998116175,-17.3348317146,-16.889800787,-16.6059360504,2.78011813696305E-005,0.0006199181,0.0010907241,0.0014534663,0.0016469034,0.0021776169,34.379447937,34.3794164658,34.3792355855,34.3766479492,34.3686881065,34.3614463806,11.8325479507,11.8331136703,11.8328831991,11.8197938204,11.7761756182,11.7266149521
2006,2,16,36.75,142.25,2.74,29.0938562393,29.7720577717,29.5711596807,29.6529051661,29.4080492258,28.9999408722,-17.5825344086,-16.5943955183,-15.9127356211,-15.4825394452,-15.006652832,-14.7481207848,-4.48424473440603E-006,-0.0001208866,-0.0001780176,0.000128193,0.0006965263,0.0011094538,34.292890358,34.2940268517,34.2966677348,34.2923418283,34.2841581106,34.2609233856,11.0016134262,11.0021690726,10.9951672951,10.9623067081,10.8996869624,10.7397356033
2006,2,17,36.67,142.75,5.93,58.7445542526,59.1905745029,59.7692668279,59.7305556774,59.6318747044,59.5741807938,-30.6646503258,-30.5945809364,-30.1655837854,-29.3888126969,-29.0486831307,-28.8702124596,-5.66444835964291E-006,-0.000343415,-0.0006181936,-0.000257723,0.0001067977,-0.0002146846,34.3192431259,34.319244194,34.3188474655,34.3137577057,34.307159853,34.3005796432,11.6006816578,11.6010714412,11.597668767,11.5632742345,11.5158381999,11.4678478718
2006,2,17,36.5,142.98,7.26,40.8466140747,41.3208143234,41.7800802867,42.0620754242,42.3711801529,42.6365715027,-38.6472879028,-38.4856603622,-38.0711794535,-37.9119071007,-37.9945572853,-38.0981285095,4.73034916053983E-005,0.0016794228,0.003402544,0.0037824417,0.0028263284,0.00175446,34.3540640259,34.3539859772,34.3533754985,34.3493627548,34.3446123123,34.3399627686,11.8306358337,11.8309738636,11.8280964851,11.7998989582,11.7609974623,11.7124410629
2006,2,17,36.77,142.93,18.31,47.2950592804,47.6392023563,48.0038810666,48.0560913181,48.2901956558,48.6643518066,-21.3582621689,-21.1925805521,-20.739030873,-20.3898064804,-20.281358552,-20.1933908844,1.82317804567638E-005,0.0005949337,0.0012963519,0.0016520004,0.0016691652,0.0017680108,34.3450415344,34.3450450611,34.3449591891,34.3404368258,34.3349346638,34.3317956924,11.6734101715,11.67397295,11.674199996,11.6514051414,11.6118806815,11.5848412323
2006,2,17,36.75,144.8,10.58,-23.7782001495,-23.6514537334,-23.5494395892,-23.5333846807,-23.6429345608,-23.8334445953,4.3230195761,4.3588816822,4.4781266848,4.7064801753,5.0172528327,5.3010237217,8.78042954933665E-006,0.0003413885,0.0008588297,0.0015470983,0.0023722848,0.0032032822,34.3733100891,34.373269558,34.3731959661,34.3731021881,34.3730084896,34.3728942871,12.0531383514,12.053830266,12.054412365,12.054861784,12.0552052259,12.0553674698
2006,2,17,36.97,142.95,9.85,48.2049662018,48.3061898708,48.4244451523,48.5541198254,48.6809817791,48.7658428192,0.7477098799,0.7633435369,0.7885473053,0.8550276041,1.0021523356,1.2676973104,2.01650915833185E-005,0.0004280192,0.0006912243,0.0007963246,0.0008884254,0.0009000744,34.3465346527,34.3465528488,34.3465509733,34.3442990303,34.3388310432,34.3341999054,11.6706491852,11.671064043,11.6710877419,11.6595565677,11.6243387163,11.5868495941
2006,2,18,36.58,143.55,10.02,5.49099751,5.8075575531,6.2240658641,6.5648007333,6.6499950945,6.3544156313,-50.8570574188,-50.7556480408,-50.4432343801,-49.733759737,-48.7919458389,-48.023607254,1.7303437992021E-005,0.0002185675,0.000266758,0.0006998205,0.0015267744,0.0022741523,34.3641345215,34.3640843391,34.3634380341,34.3613308907,34.3592516422,34.3567390442,11.7603946304,11.7603944778,11.7571706772,11.7453389764,11.7324630618,11.716206646
2006,2,18,37.12,142.72,7.96,53.5231651611,53.8969907379,54.0693266551,53.810879612,53.7393234062,53.6566459656,13.1217766724,13.285907917,13.8156601842,14.0008176422,14.0578810692,14.0509503937,3.86574371209873E-005,0.0010624112,0.0014185444,0.0018689978,0.0021997768,0.0023347713,34.3282801819,34.3285019684,34.3292476145,34.3257278252,34.3193582344,34.3152622986,11.6850695724,11.6858655167,11.6802675502,11.6543766117,11.6123552179,11.5798123932
2006,2,18,36.68,142.87,7.08,47.5984870148,47.9859963417,48.4293863805,48.5146986198,48.590409317,48.8122685242,-31.1096848602,-30.9398944473,-30.5259748205,-30.0453365707,-29.932812233,-29.9631044769,2.57914050201753E-005,0.0009326418,0.0017113891,0.0020901382,0.0023076333,0.0023622016,34.3419576721,34.3419402885,34.3417809168,34.3379065037,34.3316791248,34.3259944153,11.6858707962,11.6863423204,11.6857602119,11.6623369813,11.616598835,11.5729824257
2006,2,18,36.48,143.08,3.81,34.2615105591,34.7025241852,35.0561334991,35.1141077423,35.2376922035,35.4853715515,-43.9719023743,-43.7025985718,-43.184935379,-42.9226899147,-43.054400959,-43.1622225952,4.39067698210823E-005,0.0014737817,0.0029327498,0.0039207822,0.0039755716,0.0036143393,34.3487812195,34.3487252426,34.34707606,34.3433538055,34.3381447601,34.3327438354,11.7269346771,11.72704216,11.7179400571,11.6904157448,11.6449277782,11.596856041
2006,2,18,36.97,142.87,5.94,49.3639875946,49.528414278,49.7204933612,49.8360760498,49.8943637562,49.9361193466,-2.4532103652,-2.3930665857,-2.2817693543,-2.1133246545,-1.9302613841,-1.698839097,3.44426423014908E-005,0.0011075852,0.0018624936,0.0020625463,0.0021997675,0.0022942986,34.3436555328,34.343690052,34.3437999471,34.3413678551,34.3356411886,34.3314704514,11.6829232159,11.6834718943,11.6836037747,11.669752146,11.6303175378,11.5964223385
2006,2,18,36.53,144.52,4.4,-26.4265882874,-26.3854249001,-26.362715257,-26.3357832241,-26.3176902914,-26.3131874084,-17.3434022179,-17.3122180653,-17.2572998873,-17.1927181792,-17.1204507804,-17.0448124313,-1.54527746927984E-005,-0.0007963046,-0.0013541693,-0.0015897576,-0.0014985428,-0.0011368916,34.3648896942,34.3649304008,34.364918836,34.3648584366,34.3647699547,34.3646629333,11.9677905197,11.9677874327,11.9677645652,11.9677282858,11.9676159716,11.9673579407
2006,2,18,35.68,143.05,2.8,-17.8958597946,-17.5841994286,-17.0094019254,-14.8433571339,-12.3183720589,-10.2252123833,49.3957443237,49.5607501984,46.5057942073,40.8812057972,35.4049047947,30.0615055084,4.09488544722678E-005,0.0026187751,0.0042470957,0.0052570835,0.006164791,0.0067989441,34.6679845428,34.6677907944,34.6594370524,34.6306032658,34.5803491116,34.5169960022,15.1163927269,15.1138726711,15.0282526652,14.7540264964,14.3028693795,13.7036915779
2006,2,19,36.92,142.85,2.64,48.4992910767,48.7296579361,48.9789770762,49.0494949341,49.0341726303,49.0425697327,-11.3357038283,-11.2064648598,-10.9364876231,-10.6132371455,-10.346237611,-10.1308243096,2.95130980455073E-005,0.0010441445,0.0016488478,0.001700452,0.0018641216,0.0020271702,34.3407789612,34.34083395,34.3410301208,34.3379952908,34.332400322,34.3283103943,11.6510506248,11.6516381979,11.6519025644,11.6351082802,11.5970149159,11.5638733864
2006,2,19,36.38,143.1,2.43,29.5659349823,30.1235321045,30.4917020798,30.6245231628,30.8608280182,31.1674037933,-49.2001293945,-48.8045040131,-48.2804971059,-48.3804637909,-48.823524189,-49.1492546082,1.2700869278477E-005,0.0007009901,0.0016937745,0.0025666268,0.0025873456,0.0019321172,34.361721344,34.3616291046,34.3595403035,34.3541388512,34.3420637131,34.3267127991,11.9134539032,11.9132925987,11.8991849899,11.8488665104,11.7321907997,11.5877771378
2006,2,19,36.52,143.43,4.26,16.5502789574,16.9303833342,17.1785460091,17.184179554,16.8242063808,16.4968068886,-55.5988149109,-55.3242651367,-54.6598901113,-53.8291479588,-53.1023821449,-52.6474526978,-9.11436813607985E-007,-0.0002792753,-0.0006401818,-0.0009589008,-0.0008163907,-0.0003958553,34.3436692352,34.3436002541,34.3426133219,34.3402470493,34.3375133419,34.3355659485,11.580045887,11.5798642826,11.5748847834,11.5598521423,11.540822475,11.5245525169
2006,2,19,36.62,143.5,20.57,12.0640166855,12.321944046,12.6686237335,12.9442676783,12.9323680162,12.5350265503,-49.7368836975,-49.6413835526,-49.4097803752,-48.8055402756,-47.9352134705,-47.2228096008,1.0400265455245E-005,0.000021804,-0.0001622966,-0.0001596648,0.0003339783,0.0010293464,34.3722761536,34.3722454071,34.3718110402,34.3699138641,34.3675590515,34.3641578674,11.7875338364,11.7877202988,11.7855972608,11.7748239994,11.760218811,11.739298439
2006,2,19,36.83,144.82,3.81,-35.5682380295,-35.3653536224,-35.1515268962,-34.8769288778,-34.6001338053,-34.1852873993,14.0034473076,14.1127336264,14.2513775953,14.4359876204,14.5530947351,14.5443810081,-6.29038068754569E-006,-0.0001540255,-0.0002669031,-0.0002574475,-2.54762980762223E-005,0.0004307843,34.3645615692,34.3645267296,34.3644080607,34.3629071522,34.3609076118,34.358468399,11.9289451485,11.9295150423,11.9295545324,11.919046464,11.9025619149,11.8838603592
2006,2,19,36.8,143.18,4.2,38.3705000305,38.6117757797,38.876480484,38.8909052849,38.7835580826,38.5813705444,-27.0983503723,-26.9615766525,-26.6448076248,-26.1583819866,-25.7710361004,-25.4163017273,8.88036209455396E-006,0.0001206231,-6.91838717706181E-005,-0.0005647285,-0.0008433181,-0.0005579572,34.3664924622,34.3664796829,34.3663467407,34.3642934799,34.359485054,34.3554725647,11.7125133896,11.7129105568,11.712683328,11.7019700289,11.6744410753,11.6466892242
2006,2,19,36.67,143,3.15,42.3004210663,42.6443190575,42.9985208511,42.9743394852,42.8067190647,42.817489624,-36.7973170471,-36.5477903366,-36.0276384354,-35.399586916,-35.159500742,-35.1177349091,3.40376440859157E-007,-0.000039426,-0.0001259188,-9.57593860220912E-005,-2.49657067743973E-005,-6.84967351844339E-005,34.3381439972,34.3381105423,34.3379229863,34.3340092659,34.3282385349,34.3236537933,11.567581501,11.5678822994,11.5674556255,11.5467786551,11.5069557309,11.4704922676
2006,2,20,36.63,142.98,9.49,41.2375564117,41.6208040619,41.9783407974,41.8214087772,41.5188114262,41.4817332458,-42.5489814301,-42.2308219528,-41.584978892,-40.8259229279,-40.6171709442,-40.5672174072,1.22937086747421E-006,0.0001084433,0.0001251495,0.0003115601,0.0005825416,0.0005380256,34.3353283997,34.3352921295,34.3350727844,34.3312275696,34.3240909481,34.3167884827,11.5406906471,11.5409582567,11.5401692073,11.5183369398,11.4692433119,11.4146534729
2006,2,20,36.68,143.32,12.43,28.0164939575,28.2563666916,28.5243222427,28.6236397934,28.4456628132,28.0889699554,-44.8966183472,-44.7388722229,-44.4322016652,-43.8733581162,-43.2701306534,-42.7337081909,0.000001619,-0.0001443224,-0.0006331383,-0.0014424704,-0.0018064078,-0.0014553286,34.3652646484,34.3652392197,34.3649937948,34.363120842,34.3598556709,34.3555831909,11.6989468613,11.699211998,11.6983238665,11.6876276302,11.6662655497,11.6384735489
2006,2,20,36.67,143.68,10.13,-2.9785603828,-2.7843420827,-2.5267458677,-2.2685615778,-2.1496269357,-2.376953392,-43.488053772,-43.4107289314,-43.2507234955,-42.9133120441,-42.4235256863,-41.9164492035,3.40789883590506E-006,-0.000067861,-0.000293646,-0.0006557799,-0.0011342193,-0.0015693764,34.3868130035,34.3867866707,34.38665507,34.3861100292,34.3851285839,34.3811468506,11.8940008888,11.8942245626,11.8938429864,11.8909188342,11.8852986026,11.8645518303
2006,2,20,36.58,144.18,5.67,-28.6358222656,-28.5935043526,-28.5566533407,-28.5235366821,-28.4947605801,-28.4712883759,-33.1839896545,-33.1321056747,-33.0825134532,-33.0190504646,-32.9474224281,-32.8698294067,5.62926307214608E-006,2.84984478327004E-005,8.21807064735262E-005,0.0001278396,0.0001433995,0.0001085842,34.3729983215,34.3731769562,34.3731591797,34.3731186485,34.3730655479,34.3729898071,11.9442268372,11.9434378433,11.9433871269,11.943269372,11.9431078529,11.9428786087
2006,2,20,36.68,143.5,6.81,13.2790597153,13.4650792599,13.6917596181,13.8626933813,13.8004058838,13.5306785583,-45.2068539429,-45.115423584,-44.9419302622,-44.5340846062,-43.9801986694,-43.5158920288,1.4103124240963E-005,0.000290557,0.0002869286,0.000000657,-0.0003139552,-0.0003267173,34.3818386841,34.3818008423,34.3816462199,34.3808077812,34.3791521072,34.3746307373,11.8328299713,11.8330746651,11.8325080236,11.8278157473,11.8172519684,11.7913391113
2006,2,20,36.72,144.53,7.48,-43.7665123901,-43.5445591736,-43.2908749771,-43.0874442291,-43.0216666031,-42.951709671,-3.874665597,-3.7095466125,-3.4310071508,-3.0170409888,-2.598871997,-2.3332644176,1.16264125443405E-006,2.53820726980771E-005,0.0001766485,0.0004148748,0.0005964531,0.0005155675,34.3961181335,34.3961203766,34.3961838277,34.3964076233,34.3966743851,34.396659317,12.1846457176,12.1851972914,12.1858666865,12.1869714069,12.1878968191,12.188017025
2006,2,20,36.78,143.57,14.33,5.0075626678,5.1617534482,5.3265145413,5.4030255449,5.3495756447,5.1991050816,-30.0315932312,-29.9482943344,-29.7927285639,-29.5387773323,-29.2855472469,-29.0442996216,-9.51493658993646E-007,-6.60534588054753E-005,-0.0002354626,-0.0005724174,-0.0011902035,-0.0017970828,34.3983705292,34.3983680534,34.3983285522,34.397908411,34.396697197,34.3922156525,11.9433938904,11.9437341261,11.9437035592,11.9412889314,11.9344468927,11.9127811241
2006,2,21,36.77,142.75,9.44,45.6713158417,46.1548369408,46.596025753,46.458313632,46.2155874014,46.1713823318,-32.305257988,-31.9257551193,-31.0832581679,-30.3233883142,-30.0690458894,-29.9512886047,3.34126131995424E-006,0.0003651042,0.0006961865,0.0012381429,0.0014940589,0.0014692292,34.3287509537,34.32874856,34.32869428,34.3258012295,34.3160256624,34.3064163208,11.5575984859,11.5579717517,11.5573993762,11.5391419768,11.4767118692,11.4057985306
2006,2,21,36.63,143.17,12.35,35.6144737244,35.9686779881,36.3170367114,36.093984313,35.2438181448,34.88602108,-50.6156495743,-50.2877762032,-49.6269292386,-48.477932663,-47.9202984095,-47.7678394318,-1.87840648769368E-005,-0.0006551165,-0.0015435928,-0.0024243493,-0.002460225,-0.0024516559,34.3405385284,34.3404986382,34.3403173447,34.337084794,34.3320320559,34.3279768753,11.5059103394,11.5060778809,11.5054080439,11.4874137533,11.453129611,11.421241951
2006,2,21,36.98,143.25,13.09,30.345219574,30.4552258015,30.5728230476,30.6614104509,30.6946341991,30.6871814728,-3.2675630665,-3.1813712418,-3.0402812203,-2.8606958628,-2.6471956104,-2.4357436895,-6.92010163964491E-006,-0.0001470722,-0.0004208465,-0.0008014622,-0.0012255491,-0.0016504422,34.3766372681,34.3766799927,34.376854833,34.3766644955,34.3751961708,34.3737957001,11.7886682129,11.789097333,11.7893255075,11.787471962,11.7786192298,11.7681288719
2006,2,21,36.65,143.38,10.52,24.0776396179,24.3023628235,24.5467310905,24.6658162832,24.4681601048,23.9655258179,-50.5600268555,-50.3738301277,-50.0483751933,-49.4781719685,-48.8182991505,-48.3296443939,-8.28752056970165E-006,-0.000442669,-0.0012115344,-0.0023172634,-0.0029833733,-0.0028192871,34.3636572266,34.3636244774,34.3634049098,34.3619949818,34.3593375206,34.3562080383,11.6802334213,11.6804247618,11.6795188904,11.670572114,11.6518780947,11.6299859047
2006,2,21,36.6,143.75,9.42,-3.7512414366,-3.5739741549,-3.3596911281,-3.1886211038,-3.1494463384,-3.2959582508,-51.1303268433,-51.0055003166,-50.7836297353,-50.4120833874,-49.9790260792,-49.5149002075,9.565713877565E-009,-0.0002837346,-0.0008281499,-0.001608735,-0.0026021425,-0.0034083591,34.3743934631,34.3743638992,34.3742389679,34.3738396168,34.3732385635,34.3717422485,11.8242301941,11.8243459463,11.823868831,11.8215589523,11.8180247545,11.8094468117
2006,2,21,37.13,144.32,8.46,-60.6896236725,-60.6210201263,-60.5481236394,-60.4455668068,-60.3066020203,-60.046572876,43.5704593658,43.6221743584,43.6794875336,43.7628458214,43.7998125267,43.7259172821,1.23992716478203E-005,0.0006928709,0.0012660712,0.0015659037,0.0014070805,0.0007942093,34.3976897278,34.3976981354,34.3977499644,34.3978785038,34.3985197163,34.3988739777,12.2517390022,12.2520274639,12.2520802339,12.2492684484,12.2477000856,12.2431208992
2006,2,21,37.03,144.05,12.07,-42.6618553925,-42.5186360359,-42.3673069636,-42.2743957996,-42.2159358501,-42.2476299286,22.0784645844,22.1865656853,22.3936309973,22.6597385764,22.9489972234,23.2687005997,-5.44024020944773E-006,-4.47864629157925E-005,-8.81884836417487E-005,-0.0001415997,-0.0001306645,-7.58594657328784E-005,34.3956390762,34.3956598759,34.3957227707,34.3958312511,34.395851326,34.3930015564,12.0600936985,12.0605676293,12.0611573219,12.0619594216,12.0620661259,12.0470189571
2006,2,22,37.1,143.12,11.86,33.5955059814,33.647673893,33.7247448603,33.8149401188,33.9167464733,34.0259613037,9.8458440781,9.8880302906,9.947016271,10.0229832649,10.1237326145,10.2705938339,1.55162045052846E-007,0.0003416256,0.0006513798,0.0009242937,0.0011487495,0.0012929108,34.3702015686,34.3702199936,34.370281601,34.3703240395,34.3703539848,34.3702590942,11.7819348907,11.7820697784,11.7821540515,11.7820877314,11.781710887,11.779974556
2006,2,22,36.82,143.2,9.43,35.0913757324,35.2483282089,35.4133253733,35.5480741501,35.6151890755,35.4967300415,-31.4920172882,-31.3405180931,-31.1215344111,-30.8276189804,-30.4577237129,-29.937379837,-6.38440727594884E-006,-0.0002595049,-0.0009739622,-0.0022944725,-0.0034374505,-0.0036478283,34.3633601379,34.363350296,34.3633177439,34.3628545761,34.3615782738,34.3592819214,11.6698162842,11.67007761,11.6700003942,11.666945219,11.6568864107,11.6398050308
2006,2,22,37.15,143.27,16.99,22.5400918961,22.6289940119,22.7523619493,22.8916197181,23.0273735046,23.1338651657,21.6254713821,21.7032226086,21.8265449206,21.9990970194,22.2228661835,22.5140612125,-1.9189344245455E-005,-0.0003269316,-0.000561762,-0.0006547221,-0.000524784,-0.0001507964,34.3787734985,34.378813076,34.378920428,34.3790465117,34.3791981697,34.3794195175,11.8449768639,11.8453674078,11.8457336585,11.8460550964,11.8462963879,11.8463191032
2006,2,22,37.05,143.42,9.04,14.925795927,15.0387932301,15.1584084193,15.2500618458,15.282558769,15.2341770649,10.1966216564,10.305338645,10.4761718591,10.7150117338,10.9999883234,11.3276456356,-0.000022902,-0.0004686638,-0.0008614801,-0.0011386925,-0.0012410253,-0.0011788569,34.3758202362,34.3758485794,34.3759579341,34.3760993958,34.376257515,34.376499939,11.8129901314,11.8133517027,11.8135774295,11.8135480046,11.8131291986,11.8122040749
2006,2,22,36.78,143.83,12.61,-16.9065790215,-16.8300438166,-16.7514253108,-16.6811320949,-16.6246114755,-16.5858190346,-27.1475802917,-27.0569835281,-26.9123296611,-26.6994337749,-26.4340509987,-26.1312719727,-1.84366082513315E-005,-0.0006109464,-0.0012297267,-0.0018353326,-0.0024178593,-0.0029674608,34.3801372986,34.3801366806,34.3801568731,34.3801754856,34.3801698971,34.3801424408,11.8800967102,11.8802500772,11.8802881336,11.8801573491,11.8799268126,11.8796502113
2006,2,22,37.33,144.15,16.1,-61.448523674,-61.2237831116,-61.0246836662,-60.8529963017,-60.2826542377,-59.4553316116,73.721360321,73.9479506493,74.189262708,74.0484311581,73.3829891682,72.317401886,1.00187158915868E-005,0.0008829068,0.0017571959,0.0023139949,0.0019799293,0.0011645045,34.4022616577,34.402299118,34.4023685455,34.4027924538,34.4043581247,34.4100866318,12.3455210018,12.3461784124,12.3457379818,12.339134413,12.3364072502,12.3365877628
2006,2,22,37.08,143.98,14.28,-39.7399356537,-39.6429903603,-39.5376015981,-39.4441076756,-39.3840423775,-39.3923265839,29.2317277069,29.3315479755,29.4883910942,29.7101588535,29.989691062,30.3483237457,-6.63956330919675E-006,0.0001061413,0.0002896317,0.000586537,0.0010174625,0.0015032043,34.3931569214,34.3931880188,34.3932659149,34.3933998108,34.3937340736,34.3946211243,12.0452485428,12.0456255054,12.0461464055,12.04687603,12.0481542921,12.0511790466
2006,2,23,37.32,142.8,13.23,36.1542138672,36.5103645325,36.7883248647,36.7830130577,36.6266880035,36.3650382996,23.2154493713,23.4699808121,24.1696557363,24.7839489937,25.2447307587,25.4443763733,4.19660857666978E-006,0.000643445,0.0011020499,0.0014598424,0.0017602039,0.0020821299,34.3478155518,34.3494470596,34.351810201,34.3532108307,34.352987957,34.3478065491,11.8043313599,11.8065117836,11.8131650607,11.8177091599,11.8143013,11.7744346619
2006,2,23,36.28,143.07,13.91,25.2549847488,25.4139045048,25.4790002124,25.6045913315,25.8861490679,26.1799340057,-50.9877856903,-50.7364496613,-51.3463992564,-52.675478487,-54.1421452045,-55.3279981232,-1.04661112841758E-006,0.0009714408,0.0016358513,0.0018520978,0.0019445297,0.0020638902,34.4272314148,34.4275778198,34.4265270615,34.4143140221,34.3792401505,34.3215409851,12.7521025276,12.7521979237,12.7365899563,12.618735218,12.2636375475,11.6837938118
2006,2,23,36.87,143.08,11.93,41.5974673462,41.752232933,41.9831566747,42.0788424587,42.0531305885,41.7468022156,-24.9994234085,-24.8553871346,-24.643340524,-24.2913421631,-23.8845736933,-23.5194843674,-2.46425700077612E-005,-0.0007625118,-0.0018148554,-0.0031555893,-0.0040933532,-0.0043194372,34.3613019257,34.3613736343,34.3614790853,34.3606231308,34.356951437,34.3503238678,11.6641925354,11.664239192,11.6615827783,11.6544020677,11.6294828939,11.5859750557
2006,2,23,37.27,143.47,15.56,0.5676297143,0.7143170892,0.9074944771,1.0311610807,1.0220164557,0.8826050198,44.1762430038,44.3156140709,44.6122906876,45.1221733522,45.7003587055,46.2786373901,-8.36722217751631E-006,0.0001915775,0.0005471892,0.0011208999,0.0019432723,0.0029251507,34.3787625427,34.3788232803,34.3791304843,34.379651556,34.3800855732,34.3806264114,11.8946227474,11.8952003622,11.8959819301,11.8970966363,11.8977963603,11.8982028675
2006,2,23,37.4,144.45,6.2,-62.0849937439,-62.0341973305,-61.685660998,-59.5288748741,-57.4194171429,-55.3229389191,66.7282333374,66.7735414505,66.1998418172,64.4508225918,62.5904490948,60.1998882294,-9.7101877062502E-005,-0.003588633,-0.0071065043,-0.0079460485,-0.005424673,-0.0038032973,34.1859416962,34.1858620644,34.1798861821,34.1456103325,34.1182353497,34.0935611725,10.3901815414,10.3900003433,10.339319706,10.0428721309,9.8086848259,9.5979585648
2006,2,23,37.07,143.9,9.54,-35.1187141418,-35.0555874825,-34.9878595352,-34.9345610619,-34.9195049286,-34.9623882294,27.1457972527,27.2178024054,27.3268756866,27.4801294208,27.6607801676,27.9391296387,-1.72484347289848E-006,0.0002768407,0.0005973978,0.0009792243,0.0013873615,0.0017317865,34.3892049408,34.3892320633,34.3892743429,34.3893546104,34.3896204472,34.3900138855,11.9607155228,11.9610699892,11.96139582,11.9616638422,11.9618691206,11.961285305
2006,2,23,36.8,143.55,14.8,10.2887395382,10.346530199,10.4025265773,10.4463809431,10.4336766601,10.2780869007,-31.1740577698,-31.0930917263,-30.9761098226,-30.8210690022,-30.6228165627,-30.386346817,-0.000020186,-0.0005574002,-0.0011376691,-0.0017903393,-0.0024793486,-0.0031727454,34.3664035797,34.3664097786,34.3664147059,34.3663535118,34.3658607006,34.3630905151,11.708108902,11.7082694769,11.7079264323,11.7059686184,11.7012163401,11.6815958023
2006,2,24,37.28,142.9,7.77,35.9189389038,36.3250890732,36.5589492798,36.5536773682,36.434038353,36.2314491272,21.4445074081,21.6233390808,22.0736658414,22.5405835152,22.8584403276,23.0921003342,-1.21861058604821E-005,0.000590775,0.0010630189,0.0012319315,0.0012030669,0.0012663383,34.3529225159,34.3549137115,34.3560752869,34.3565535545,34.3562420845,34.3453948975,11.7432572937,11.7450831413,11.7477542877,11.7481979847,11.7447785378,11.6823638916
2006,2,24,37.38,142.93,6.26,30.6126645889,30.962190876,31.1475332324,31.0772956276,30.8944730759,30.6440008926,33.0549900665,33.2721139717,33.7913972664,34.2777773905,34.6069616508,34.7472752762,1.8598301182714E-005,0.000927095,0.00175128,0.0023470182,0.002775204,0.0032755593,34.3530167542,34.3559732246,34.3575340144,34.3584156704,34.359519186,34.3528128052,11.7959948959,11.7991862726,11.8040835158,11.8068941331,11.810310452,11.7688636589
2006,2,24,37.33,143.25,3.13,15.3278161907,15.3919083834,15.4903363148,15.6115083754,15.7306338608,15.8129404545,42.160674057,42.1978625298,42.2998233795,42.4404328823,42.6277299166,42.849398613,1.21646059679652E-005,0.000947083,0.0019451089,0.0029184577,0.0038363674,0.00472467,34.3623765564,34.3630371571,34.3633481979,34.3634979248,34.3636046648,34.3641515732,11.8022653008,11.8031195521,11.8038796266,11.8040246248,11.8039376676,11.8040120602
2006,2,24,37.28,143.57,8.94,-9.9886722584,-9.9137449847,-9.8232878223,-9.7909363059,-9.8493038923,-9.9763525525,48.3314081573,48.4336472321,48.6334716288,48.976104002,49.3627550316,49.7913604736,1.64890829447279E-005,0.0010557848,0.0021232769,0.0031254408,0.0039893192,0.0046828283,34.3724343262,34.372484684,34.3727289454,34.3731941319,34.3737383366,34.374327774,11.8563002777,11.8568462992,11.8574711355,11.8582650733,11.8587249589,11.8589186668
2006,2,24,36.98,143.2,8.74,33.3881594849,33.4353746414,33.4923915863,33.562212944,33.6531255722,33.7804199219,-7.1539924622,-7.1049057007,-7.049084727,-6.9940976143,-6.9319255114,-6.7976182938,-1.81645675514696E-005,-0.0003720958,-0.0008416808,-0.0015268575,-0.0023857441,-0.0033585846,34.3682667542,34.3683467865,34.3684111277,34.3679818153,34.3669071198,34.3606254578,11.6969844055,11.6972821712,11.6952994665,11.6909672022,11.6832751751,11.6441516876
2006,2,24,37.17,144.15,6.24,-60.0778152466,-60.0162918091,-60.0308353106,-60.119776845,-60.2683393955,-60.5578834534,48.4826478958,48.648210907,48.8798322042,48.9827114105,49.2416318417,49.4897010803,0.000009202,0.0007971993,0.0016465096,0.0022438716,0.0024572724,0.0022865215,34.3847678757,34.3848053455,34.3848971685,34.3852035761,34.3852026463,34.3857801437,12.091091032,12.0916984558,12.0922966719,12.0915554881,12.0870050609,12.0798671246
2006,2,24,36.97,143.97,8.63,-39.2276841698,-39.1961618042,-39.1657461484,-39.1489831448,-39.1220233369,-39.1689020538,13.6567021757,13.7175110384,13.8152165707,13.947557835,14.0753530612,14.3148954481,-1.22043630472033E-005,-0.0001425078,-0.0002093622,-0.0002225467,-0.0002323413,-0.0002394259,34.3793080368,34.3793381214,34.3793575287,34.3793358564,34.3792430544,34.3787395096,11.8758292637,11.8761314678,11.8762239647,11.8758983326,11.8742824507,11.8681913471
2006,2,25,37.25,142.58,4.3,42.1164622498,42.4163935661,42.5129309972,42.3107758045,42.0687865734,41.8839824677,7.9457279181,8.1196482301,8.5614015222,8.764573282,8.7520329833,8.7263914824,-0.00001149,-3.01243668737314E-005,-0.0002673972,-0.0006046277,-0.0005529622,-0.0005165025,34.3453137207,34.3463068008,34.3481915156,34.3463700771,34.335283947,34.3162757874,11.6426214981,11.645217967,11.6496874332,11.6365412116,11.5659528971,11.4288203239
2006,2,25,37.38,143.02,10.4,27.2696944733,27.6289934921,27.7179281489,27.6222276783,27.4321675682,27.2140962219,35.913704895,36.0746151352,36.4156931559,36.7583702087,36.9529821682,37.0423725891,-5.31840794296365E-006,0.0009490537,0.0018603392,0.0025397356,0.0030331538,0.0034415592,34.3538991394,34.3579071426,34.3586416117,34.3589708519,34.3593414307,34.3549389648,11.7481095123,11.7518199158,11.753961703,11.7546482611,11.7551602745,11.7286323166
2006,2,25,37.42,143.17,5.42,16.6518419647,16.8195311451,16.8892319552,16.8567788434,16.7771207166,16.6895768356,46.8985056152,46.9696059036,47.2003532283,47.4305439663,47.5963705444,47.7152384949,2.12378335841498E-005,0.0017545671,0.0034480347,0.0047361033,0.0055670752,0.0061905018,34.3537420807,34.3558871651,34.3569035085,34.357250948,34.3575435543,34.3585535431,11.7707308578,11.773305583,11.7759942977,11.7769436884,11.7775436687,11.7764556122
2006,2,25,37.2,143.3,8.52,17.5557239532,17.5865621567,17.6425520579,17.7266716957,17.8288857937,17.9031944275,27.577947998,27.6146998405,27.6805419922,27.7769632339,27.9206926823,28.1098594666,-1.9265828252008E-005,-0.0002754637,-0.0004728571,-0.0005388316,-0.0003778921,-4.41324809798971E-005,34.3636268616,34.3636779785,34.3637256622,34.3638162613,34.3637552261,34.363483429,11.6993125916,11.6998262405,11.7000888189,11.6995003223,11.6980177164,11.6955337524
2006,2,25,37.02,144.35,7.28,-74.6654187012,-74.660159111,-74.6545441945,-74.6175990105,-74.4223119736,-73.8426681519,36.7747517395,36.7930337906,36.8008249283,36.7519748688,36.5271097183,36.1022720337,-3.29831178532894E-005,-0.0006998433,-0.0014051463,-0.0022183046,-0.0033836916,-0.0050760164,34.3986173248,34.3986466408,34.3986434937,34.3984246254,34.3976922512,34.3958106995,12.2112062836,12.2115064383,12.2114707629,12.2084715366,12.1997608066,12.1773631096
2006,2,25,37.08,142.87,9.35,46.529069397,46.6382636261,46.8462935638,46.798311348,46.6114737797,46.4012850952,-2.8472521791,-2.7643136883,-2.5622243261,-2.322039718,-2.1490285456,-2.0000324821,-1.56862236095053E-005,-6.71877509531836E-005,-0.0004631167,-0.0010829922,-0.0017376535,-0.0022026053,34.360269516,34.3609413147,34.3611755117,34.3599578762,34.3534382915,34.3378183746,11.6838610306,11.6839935637,11.6795603561,11.6690769839,11.6274145174,11.5325352478
2006,2,25,37,143.88,4.25,-33.8713471985,-33.8534566879,-33.8311528524,-33.8163231373,-33.7675976753,-33.7626998901,17.1656855011,17.2061134338,17.2710385005,17.3628076792,17.4378597975,17.6367149353,-1.18923524083083E-005,-0.0001080509,-0.0001444341,-0.000065099,5.73861979373117E-005,9.73032540060206E-005,34.3735237122,34.3735603333,34.3735566457,34.373514843,34.3733341217,34.3726333618,11.797228775,11.7975509167,11.7975749016,11.7966990709,11.7940413475,11.7855730057
2006,2,26,37.12,141.98,6.36,12.4536009674,12.8302543926,13.4205463982,14.4539850807,15.2756509113,15.7376964569,-6.163664299,-6.1856471205,-6.3674455555,-6.3713291448,-6.2409707505,-5.9952545452,-4.42830623465894E-006,0.0002330905,0.0005721028,0.0007105969,0.0007201644,0.0007643688,34.3574446411,34.3583615112,34.361076355,34.3490311623,34.304356308,34.2412968445,11.9839492035,11.9860985088,11.9891107496,11.9144447422,11.5031953478,10.9472351074
2006,2,26,37.2,142.22,8.26,27.8838755798,28.1024612427,28.547038269,28.9339868546,29.1356312752,29.0951881409,-1.8885548592,-1.8338059545,-2.1023592114,-2.0670002609,-1.9274930954,-1.8373980999,-3.71220950248907E-005,-0.0009600441,-0.001289325,-0.0015260372,-0.0016187226,-0.0017169755,34.3412345886,34.3428829193,34.3430586497,34.3300580025,34.2962075233,34.2577484131,11.6014422989,11.604750824,11.5841875076,11.5034201145,11.2559006453,10.9466089249
2006,2,26,37.25,142.97,3.55,36.9232431793,37.0214490891,37.0427609444,36.9089390993,36.7319967508,36.6311260223,19.4140517521,19.4751715541,19.6181640069,19.7438230455,19.6983148754,19.6686680317,-3.32218503827292E-005,0.0001618944,0.0002475154,8.0717232958711E-005,-0.0001883302,-0.0005091147,34.3607117081,34.3629584789,34.3634063403,34.363368988,34.3624372244,34.3460323334,11.6966091824,11.698201704,11.6978062073,11.6954175711,11.6881881356,11.6000572205
2006,2,26,37.2,143.28,7.36,18.7990620422,18.8095590591,18.8384281794,18.9032895565,18.9939534664,19.0647018433,25.8387285614,25.8572576523,25.8947546005,25.948847723,26.0436722279,26.176216507,-1.6576078335426E-005,-0.0001719646,-0.0002863339,-0.0002981432,-0.0001385053,0.0001147155,34.3567077637,34.3570745468,34.3570810954,34.3570985794,34.3569028854,34.3562919617,11.6366088867,11.6372720242,11.6373810132,11.6363709927,11.6340983391,11.630021286
2006,2,26,37.15,142.83,10.1,46.3189406204,46.4285378456,46.5434154193,46.3883581877,46.1807405949,45.9014287949,2.9558312902,2.9878139049,3.1865564041,3.3129010641,3.3377188207,3.3364231005,-1.79403672477337E-005,-4.75092768088734E-005,-0.0003459742,-0.0007271851,-0.0011683537,-0.0014485285,34.3622921753,34.3642692089,34.3644193649,34.363124752,34.3551423788,34.3349428177,11.6732665062,11.673986876,11.6706584692,11.6597545743,11.6096678913,11.4922242165
2006,2,26,36.97,144.22,9.51,-62.1894352417,-62.1970998764,-62.2051439158,-62.2232944679,-62.2565775299,-62.4003999329,25.0838582687,25.1224874115,25.1958993403,25.3077743578,25.4703637171,25.7831962967,-3.7437193624845E-005,-0.0010533665,-0.0021561229,-0.0033634351,-0.0046605821,-0.0060765085,34.3811479797,34.3811610794,34.3811163203,34.3812083817,34.3809341621,34.378777771,11.9552508507,11.9555688,11.9554865774,11.954179368,11.948168757,11.9291387939
2006,2,26,37.3,143.38,9.72,5.5658016586,5.5621090412,5.5646873474,5.5600636959,5.5117563725,5.4453035355,42.3132688904,42.3724908829,42.4840346018,42.6727227211,42.9019967079,43.0657859802,3.46267056143397E-006,0.0005932796,0.0012948261,0.0021386109,0.0031116509,0.0041376948,34.3533616638,34.3537021637,34.3538036346,34.353934288,34.3539779663,34.3539604187,11.6763778305,11.6770967484,11.6774262746,11.6772157907,11.6763872147,11.6753726959
2006,2,27,37.28,142.8,7.21,42.4701812744,42.6666854858,42.5887973785,42.3499596596,42.0713196754,41.7101898193,14.5934556389,14.6148996115,14.7256115278,14.783412993,14.6737118006,14.4441698074,-1.34715335331168E-005,1.16830846569057E-006,-4.36820603981085E-007,1.36334403578159E-005,-0.0001332033,-0.0002652925,34.3557206726,34.3629001617,34.3628990173,34.3619987488,34.3543614388,34.3286651611,11.5967119598,11.6017370224,11.6011762937,11.595970583,11.5560540676,11.4176015854
2006,2,27,37.02,143.13,10.26,37.6930323181,37.6811369324,37.6798278745,37.7218566275,37.82214643,37.9664468384,-4.3837315254,-4.3883782673,-4.4105437326,-4.4672000396,-4.5235160089,-4.500746069,-2.59174438145815E-005,-0.0003816222,-0.0008707395,-0.0016186294,-0.0025781822,-0.0037603774,34.3680437164,34.3682794571,34.3684229406,34.3674682808,34.3644415092,34.3485888672,11.6682778931,11.6684803963,11.6636732674,11.6542426324,11.6354903603,11.540588932
2006,2,27,37.23,143.27,9.72,17.8795219345,17.8760579872,17.881133256,17.9354994214,18.0114369667,18.0619091225,28.135726429,28.1349516296,28.1501610629,28.188246901,28.2690665603,28.343792572,-9.41211270649418E-006,0.0001063191,0.0002624495,0.0004948705,0.0008374857,0.0012036371,34.3489141693,34.3498244858,34.3498032188,34.3497658348,34.349494071,34.348720665,11.5842541523,11.5852888608,11.5852610985,11.5840207994,11.5814764678,11.5767800426
2006,2,27,36.98,144.23,7.98,-66.6866804199,-66.7091347504,-66.7320949809,-66.7655466175,-66.8119029045,-66.9891641235,28.7594693909,28.7881145668,28.8459217898,28.9372418118,29.0815758991,29.398720665,-4.44896988549529E-005,-0.001280612,-0.0026149727,-0.0040645577,-0.0056122983,-0.0072986279,34.3801196136,34.3801253891,34.3800537364,34.3801346874,34.3797814941,34.3773815918,11.9412246437,11.9415191889,11.9413186836,11.9398095894,11.9328340125,11.9108935356
2006,2,27,37.13,142.8,7.39,49.6702204895,49.7451289177,49.8245081584,49.6128511906,49.3565922737,49.0117763519,-1.3555900192,-1.3981834054,-1.2885177453,-1.3252690554,-1.3330945134,-1.5074015141,-0.000022514,-0.0001588628,-0.0005488324,-0.0009033118,-0.0013722051,-0.0016620417,34.3682053375,34.3709209442,34.3705523809,34.3682808876,34.3558390617,34.3317279816,11.6661695862,11.6666030645,11.6603731473,11.6424035788,11.5637296796,11.421590519
2006,2,28,37.15,142.75,4.42,45.9341663361,46.310652256,46.8976457914,47.3452454805,47.5957460403,47.7237997055,-0.2447639704,-0.3824822903,-0.3126345972,-0.2318455428,-0.1975634247,-0.2971553206,-0.000014909,-0.0001495001,-0.000525129,-0.0008814436,-0.0012617812,-0.0015976259,34.3733730316,34.3763890266,34.3756957054,34.3694431782,34.3493254185,34.3177976608,11.8312496185,11.8332390189,11.825540026,11.7784317434,11.6190973818,11.3551363945
2006,2,28,37.23,143.17,8.38,28.2769771042,28.2981250334,28.3355068525,28.4353896379,28.5357791686,28.6071054459,23.7914701538,23.7638864851,23.7580328719,23.7761373734,23.8341769576,23.9140772629,-1.26774036074172E-005,-0.000065069,-1.26666608412677E-005,9.45752861297432E-005,0.0001845708,0.0002444385,34.3376109314,34.338632412,34.3385848045,34.3382599592,34.3370272827,34.3321797943,11.4366992283,11.4376570702,11.4368331258,11.4338108325,11.4248577607,11.3944602776
